Workbook
Name ENV_CODE: '1 Setup'!$B$14:$B$21
Name ENV_LANDSCAPE: '1 Setup'!$D$14:$D$21
Name ENV_SCOPE: '1 Setup'!$E$14:$E$21
Name ENV_KAFKA: '1 Setup'!$F$14:$F$21
Name ENV_SEARCH: '1 Setup'!$G$14:$G$21
Name KD_ENV: '3 Kafka Demand'!$A$7:$A$14
Name KD_CLUSTER: '3 Kafka Demand'!$B$7:$B$14
Name KD_LAND: '3 Kafka Demand'!$C$7:$C$14
Name KD_RANK: '3 Kafka Demand'!$D$7:$D$14
Name KD_STATUS: '3 Kafka Demand'!$E$7:$E$14
Name KD_MPARTS: '3 Kafka Demand'!$F$7:$F$14
Name KD_QPS: '3 Kafka Demand'!$G$7:$G$14
Name KD_TOPICS: '3 Kafka Demand'!$H$7:$H$14
Name KD_PPT: '3 Kafka Demand'!$I$7:$I$14
Name KD_PARTS: '3 Kafka Demand'!$J$7:$J$14
Name KD_COMPACT: '3 Kafka Demand'!$K$7:$K$14
Name KD_MSGS: '3 Kafka Demand'!$L$7:$L$14
Name KD_BYTES: '3 Kafka Demand'!$M$7:$M$14
Name KD_MIN: '3 Kafka Demand'!$N$7:$N$14
Name KD_IN: '3 Kafka Demand'!$O$7:$O$14
Name KD_FAN: '3 Kafka Demand'!$P$7:$P$14
Name KD_MOUT: '3 Kafka Demand'!$Q$7:$Q$14
Name KD_OUT: '3 Kafka Demand'!$R$7:$R$14
Name KD_DAY: '3 Kafka Demand'!$S$7:$S$14
Name KD_MGIB: '3 Kafka Demand'!$T$7:$T$14
Name KD_GIB: '3 Kafka Demand'!$U$7:$U$14
Name KD_GIBR: '3 Kafka Demand'!$V$7:$V$14
Name KD_RET: '3 Kafka Demand'!$W$7:$W$14
Name KD_COMP: '3 Kafka Demand'!$X$7:$X$14
Name KD_STORE: '3 Kafka Demand'!$Y$7:$Y$14
Name KD_CONN: '3 Kafka Demand'!$Z$7:$Z$14
Name KD_REQ: '3 Kafka Demand'!$AA$7:$AA$14
Name KD_MSGMAX: '3 Kafka Demand'!$AB$7:$AB$14
Name KD_NOTES: '3 Kafka Demand'!$AC$7:$AC$14
Name SD_ENV: '5 Search Demand'!$A$7:$A$14
Name SD_SVC: '5 Search Demand'!$B$7:$B$14
Name SD_LAND: '5 Search Demand'!$C$7:$C$14
Name SD_RANK: '5 Search Demand'!$D$7:$D$14
Name SD_STATUS: '5 Search Demand'!$E$7:$E$14
Name SD_GB: '5 Search Demand'!$F$7:$F$14
Name SD_DOCS: '5 Search Demand'!$G$7:$G$14
Name SD_IDX: '5 Search Demand'!$H$7:$H$14
Name SD_PRI: '5 Search Demand'!$I$7:$I$14
Name SD_GROW: '5 Search Demand'!$J$7:$J$14
Name SD_YRS: '5 Search Demand'!$K$7:$K$14
Name SD_TMP: '5 Search Demand'!$L$7:$L$14
Name SD_FGB: '5 Search Demand'!$M$7:$M$14
Name SD_FDOCS: '5 Search Demand'!$N$7:$N$14
Name SD_PRIM: '5 Search Demand'!$O$7:$O$14
Name SD_NOTES: '5 Search Demand'!$P$7:$P$14
Name KS_CHECKS: '6 Kafka Sizing'!$F$106:$K$120
Name SZ_CHECKS: '7 Search Sizing'!$F$80:$K$92
Name P_KAFKA_PARTS: 'Ref_Data'!$D$5
Name P_KAFKA_DEV_N: 'Ref_Data'!$D$6
Name P_KAFKA_DEV_CPU: 'Ref_Data'!$D$7
Name P_KAFKA_DEV_RAM: 'Ref_Data'!$D$8
Name P_KAFKA_DEV_DISK: 'Ref_Data'!$D$9
Name P_KAFKA_PRD_N: 'Ref_Data'!$D$10
Name P_KAFKA_PRD_CPU: 'Ref_Data'!$D$11
Name P_KAFKA_PRD_RAM: 'Ref_Data'!$D$12

Sheet Cover
B2: Pega Platform '26 on Azure AKS
B3: Kafka and OpenSearch sizing workbook
B4: Sizes Confluent Cloud clusters and managed OpenSearch services for the Pega '26 externalised Kafka and search services, from inputs the customer collects, using Pega's published recommendations and the providers' published limits.
B6: WORKED EXAMPLE: illustrative inputs only
B7: Version | C7: 1.0
B8: Date | C8: 6 October 2026
B9: Customer | C9: =IF('1 Setup'!C4="","(enter on Setup)",'1 Setup'!C4)
B10: Status | C10: ='1 Setup'!C11
B11: Evidence checked | C11: 6 Oct 2026
B13: Results summary
B14: Kafka cluster | C14: Environments | D14: Type | E14: Units | F14: Sized by | G14: Checks
B15: ='6 Kafka Sizing'!F8 | C15: ='6 Kafka Sizing'!F7 | D15: ='6 Kafka Sizing'!F67 | E15: =IF('6 Kafka Sizing'!F70=0,"-",'6 Kafka Sizing'!F70&" "&'6 Kafka Sizing'!F69) | F15: ='6 Kafka Sizing'!F79 | G15: ='10 Checks'!G5
B16: ='6 Kafka Sizing'!G8 | C16: ='6 Kafka Sizing'!G7 | D16: ='6 Kafka Sizing'!G67 | E16: =IF('6 Kafka Sizing'!G70=0,"-",'6 Kafka Sizing'!G70&" "&'6 Kafka Sizing'!G69) | F16: ='6 Kafka Sizing'!G79 | G16: ='10 Checks'!G6
B17: ='6 Kafka Sizing'!H8 | C17: ='6 Kafka Sizing'!H7 | D17: ='6 Kafka Sizing'!H67 | E17: =IF('6 Kafka Sizing'!H70=0,"-",'6 Kafka Sizing'!H70&" "&'6 Kafka Sizing'!H69) | F17: ='6 Kafka Sizing'!H79 | G17: ='10 Checks'!G7
B18: ='6 Kafka Sizing'!I8 | C18: ='6 Kafka Sizing'!I7 | D18: ='6 Kafka Sizing'!I67 | E18: =IF('6 Kafka Sizing'!I70=0,"-",'6 Kafka Sizing'!I70&" "&'6 Kafka Sizing'!I69) | F18: ='6 Kafka Sizing'!I79 | G18: ='10 Checks'!G8
B19: ='6 Kafka Sizing'!J8 | C19: ='6 Kafka Sizing'!J7 | D19: ='6 Kafka Sizing'!J67 | E19: =IF('6 Kafka Sizing'!J70=0,"-",'6 Kafka Sizing'!J70&" "&'6 Kafka Sizing'!J69) | F19: ='6 Kafka Sizing'!J79 | G19: ='10 Checks'!G9
B20: ='6 Kafka Sizing'!K8 | C20: ='6 Kafka Sizing'!K7 | D20: ='6 Kafka Sizing'!K67 | E20: =IF('6 Kafka Sizing'!K70=0,"-",'6 Kafka Sizing'!K70&" "&'6 Kafka Sizing'!K69) | F20: ='6 Kafka Sizing'!K79 | G20: ='10 Checks'!G10
B22: Search service | C22: Environments | D22: Data nodes | E22: Managers | F22: Sized by | G22: Checks
B23: ='7 Search Sizing'!F8 | C23: ='7 Search Sizing'!F7 | D23: =IF('7 Search Sizing'!F56=0,"-",'7 Search Sizing'!F56&" x "&'7 Search Sizing'!F40&" vCPU / "&'7 Search Sizing'!F41&" GB / "&'7 Search Sizing'!F42&" GB") | E23: =IF('7 Search Sizing'!F61=0,"-",'7 Search Sizing'!F61&" x "&'7 Search Sizing'!F62&" vCPU / "&'7 Search Sizing'!F63&" GB") | F23: ='7 Search Sizing'!F57 | G23: ='10 Checks'!G11
B24: ='7 Search Sizing'!G8 | C24: ='7 Search Sizing'!G7 | D24: =IF('7 Search Sizing'!G56=0,"-",'7 Search Sizing'!G56&" x "&'7 Search Sizing'!G40&" vCPU / "&'7 Search Sizing'!G41&" GB / "&'7 Search Sizing'!G42&" GB") | E24: =IF('7 Search Sizing'!G61=0,"-",'7 Search Sizing'!G61&" x "&'7 Search Sizing'!G62&" vCPU / "&'7 Search Sizing'!G63&" GB") | F24: ='7 Search Sizing'!G57 | G24: ='10 Checks'!G12
B25: ='7 Search Sizing'!H8 | C25: ='7 Search Sizing'!H7 | D25: =IF('7 Search Sizing'!H56=0,"-",'7 Search Sizing'!H56&" x "&'7 Search Sizing'!H40&" vCPU / "&'7 Search Sizing'!H41&" GB / "&'7 Search Sizing'!H42&" GB") | E25: =IF('7 Search Sizing'!H61=0,"-",'7 Search Sizing'!H61&" x "&'7 Search Sizing'!H62&" vCPU / "&'7 Search Sizing'!H63&" GB") | F25: ='7 Search Sizing'!H57 | G25: ='10 Checks'!G13
B26: ='7 Search Sizing'!I8 | C26: ='7 Search Sizing'!I7 | D26: =IF('7 Search Sizing'!I56=0,"-",'7 Search Sizing'!I56&" x "&'7 Search Sizing'!I40&" vCPU / "&'7 Search Sizing'!I41&" GB / "&'7 Search Sizing'!I42&" GB") | E26: =IF('7 Search Sizing'!I61=0,"-",'7 Search Sizing'!I61&" x "&'7 Search Sizing'!I62&" vCPU / "&'7 Search Sizing'!I63&" GB") | F26: ='7 Search Sizing'!I57 | G26: ='10 Checks'!G14
B27: ='7 Search Sizing'!J8 | C27: ='7 Search Sizing'!J7 | D27: =IF('7 Search Sizing'!J56=0,"-",'7 Search Sizing'!J56&" x "&'7 Search Sizing'!J40&" vCPU / "&'7 Search Sizing'!J41&" GB / "&'7 Search Sizing'!J42&" GB") | E27: =IF('7 Search Sizing'!J61=0,"-",'7 Search Sizing'!J61&" x "&'7 Search Sizing'!J62&" vCPU / "&'7 Search Sizing'!J63&" GB") | F27: ='7 Search Sizing'!J57 | G27: ='10 Checks'!G15
B28: ='7 Search Sizing'!K8 | C28: ='7 Search Sizing'!K7 | D28: =IF('7 Search Sizing'!K56=0,"-",'7 Search Sizing'!K56&" x "&'7 Search Sizing'!K40&" vCPU / "&'7 Search Sizing'!K41&" GB / "&'7 Search Sizing'!K42&" GB") | E28: =IF('7 Search Sizing'!K61=0,"-",'7 Search Sizing'!K61&" x "&'7 Search Sizing'!K62&" vCPU / "&'7 Search Sizing'!K63&" GB") | F28: ='7 Search Sizing'!K57 | G28: ='10 Checks'!G16
B30: Colour key
C31: Input: the customer enters or confirms this value
C32: Worked out by formula: do not overwrite
C33: Result: carried to the summary and the provider request sheets
C34: Published reference value (Ref_Data)
C35: WARN: review before sending
C36: FAIL: must be resolved before sending
B38: Sheets
B39: Guide | C39: How to use the workbook and where each input comes from
B40: 1 Setup | C40: Programme details; environments and their cluster and service assignment
B41: 2 Kafka Clusters | C41: Kafka cluster requirements: SLA, networking, keys, growth and utilisation
B42: 3 Kafka Demand | C42: Kafka demand per environment: partitions, throughput, retention, connections
B43: 4 Search Services | C43: Search service requirements: high availability, zones, replicas, overheads
B44: 5 Search Demand | C44: Search demand per environment: data, documents, indexes, growth
B45: 6 Kafka Sizing | C45: Kafka calculation, step by step, with checks and explanation
B46: 7 Search Sizing | C46: Search calculation, step by step, with checks and explanation
B47: 8 Confluent Request | C47: Request to send to Confluent Cloud
B48: 9 Search Request | C48: Request to send to the managed OpenSearch provider
B49: 10 Checks | C49: Summary of all checks
B50: Ref_Data | C50: Published figures used by the formulas, with quoted evidence
... B52: Change Log | C52: Version history
B54: Basis and limits. Pega states that its sizing tables are a starting point and that the environment should be scaled using indexing, query and stream metrics after deployment [P2]. Confluent and the search provider make the final sizing and price. Where Pega publishes no figure (connections, request rates, storage formula), the workbook uses measured inputs or the cited provider guidance, and labels workbook rules W. Figures were checked against the sources on 6 Oct 2026; re-check them before a contract.

Sheet Guide
A1: Guide: how to use this workbook
A2: Work through the numbered sheets in order. Hover over cells with a red corner for guidance and sources.
A4: Step | B4: Sheet | C4: What to do
A5: 1 | B5: Setup | C5: Enter the programme details. List the environments, choose each one's Pega landscape and assign it to a Kafka cluster (K1 to K6) and a search service (S1 to S6).
A6: 2 | B6: Kafka Clusters | C6: For each cluster in use, choose the SLA, private networking, self-managed keys, preferred type, growth allowance and target utilisation.
A7: 3 | B7: Kafka Demand | C7: For each environment, enter partitions (measured, or queue processors and topics), peak throughput, daily volume, retention, connections, requests and largest message. Set the input status to Measured or Estimated.
A8: 4 | B8: Search Services | C8: For each service in use, choose high availability, zones and replicas, and enter the provider's storage overhead when known.
A9: 5 | B9: Search Demand | C9: For each environment, enter searchable data, documents, indexes, growth and planning period.
A10: 6 | B10: Checks | C10: Resolve every FAIL and review every WARN. Read the explanation at the foot of the two sizing sheets.
A11: 7 | B11: Request sheets | C11: Send the Confluent Request sheet to Confluent and the Search Request sheet to the OpenSearch provider, with the questions on each sheet. Record their answers in the Notes rows and update the inputs.
A12: 8 | B12: After go-live in DEV | C12: Replace estimates with measured figures from the first DEV build on the new services and recalculate before sizing the higher environments.
A14: Where each input comes from
B15: Input | C15: Pega 8.8 today (embedded services) | D15: Pega '26 DEV on the new services | E15: Notes
B16: Leader partitions | C16: Stream service landing page in Pega 8.8 (partitions per topic) [P5] | D16: Confluent topic list for the DEV cluster after the first Pega '26 start-up | E16: Queue processor topics have six partitions by default [P3].
B17: Queue processors and topics | C17: Admin Studio, Queue processors; Dev Studio, Stream data sets | D17: Confluent topic list | E17: Include the system pulse topic (6 partitions) [P6] and the messaging topics that replace Hazelcast from Pega '25 [P8]; these do not exist on 8.8.
B18: Peak messages and size | C18: Stream service monitoring in Pega 8.8, or application estimates | D18: Confluent Cloud cluster metrics: received records and received bytes at peak | E18: Use the busiest hour of a normal business day plus any batch window.
B19: Peak read and fan-out | C19: Number of consumers per topic | D19: Confluent Cloud cluster metrics: sent bytes at peak | E19: Egress counts every read by every consumer group.
B20: Messages or GiB per day | C20: Application estimates | D20: Confluent Cloud cluster metrics: received bytes per day | E20: Drives ingress, egress and storage pricing [C2].
B21: Retention | C21: Design decision | D21: Topic retention.ms | E21: Confluent topic default is 7 days [C3].
B22: Client connections and requests | C22: Not available from embedded Kafka in a comparable form | D22: Confluent Cloud cluster metrics for the DEV cluster under test load | E22: Pega publishes no figure. Leave blank until measured; the checks show it as not assessed.
B23: Largest message | C23: Application design | D23: Producer errors in Pega logs if the limit is reached | E23: Pega default limit 5,000,000 bytes [P1].
B24: Searchable data and documents | C24: Current 8.8 search index size and document counts | D24: GET _cat/indices?v (pri.store.size and docs.count) after the first SRS build [A1] | E24: Enter primary size only; the workbook adds replicas.
B25: Indexes and primary shards | C25: Current search indexes | D25: GET _cat/indices?v after the first SRS build | E25: OpenSearch default is one primary shard per index [O2].
B26: Growth and planning period | C26: Business plans | D26: - | E26: Applied to both services.
A28: How the workbook sizes the services
B29: Kafka | C29: Demand from all environments on a cluster is added up. Each figure is raised by the growth allowance and divided by the target utilisation. For each Confluent type, the units needed are the largest of planned demand divided by the per-unit limit for ingress, egress, partitions, compacted partitions, connections and requests, and the minimum units for the SLA [C1]. The first type that meets the SLA, networking and key requirements and fits within its maximum is recommended, unless the customer forces a type. Pega's Table 1 and partitions-per-broker table give a self-managed reference for comparison [P1][P5].
B30: Search | C30: Pega's Default or Large profile gives the starting node sizes and counts [P2]. Storage is worked out with the AWS formula (replicas, indexing overhead, OS reserve and provider overhead) [A1]. The data-node count is the largest of: the Pega profile with the three-node HA rule, storage / disk per node, shards / 1,000 [O3], shards / (25 x heap) [A2], and replicas + 1 [O5]. With high availability it is rounded up to a multiple of the zone count [O1].
B31: Pricing | C31: Confluent bills capacity units per hour, ingress and egress per GiB and storage per GiB-hour after replication [C2]. The workbook gives these quantities per month for Confluent to price. The search provider prices the nodes on the Search Request sheet.

Sheet 1 Setup
A1: 1 Setup: programme details and environments
A2: Enter the programme details and the environments. Assign each environment to a Kafka cluster (K1 to K6) and a search service (S1 to S6).
B4: Customer
B5: Programme | C5: Pega 8.8 to Pega Platform '26 (26.1.1) clone and upgrade on Azure AKS
B6: Prepared by
B7: Date of inputs
B8: Azure region
B9: Target Pega version | C9: Pega Platform '26 (26.1.1)
B10: Source system | C10: Pega 8.8 with embedded Kafka (Stream service) and embedded search
B11: Workbook status | C11: Draft
A13: # | B13: Environment code | C13: Description | D13: Pega landscape | E13: In scope | F13: Kafka cluster | G13: Search service | H13: Notes
A14: E1 | B14: DEV | C14: Development | D14: Development | E14: Yes | F14: K1 | G14: S1
A15: E2 | B15: SIT | C15: System integration test | D15: Testing | E15: Yes | F15: K1 | G15: S1
A16: E3 | B16: UAT | C16: User acceptance test | D16: Testing | E16: Yes | F16: K1 | G16: S1
A17: E4 | B17: PERF | C17: Performance test | D17: Stage | E17: Yes | F17: K2 | G17: S2
A18: E5 | B18: PREPROD | C18: Pre-production | D18: Stage | E18: Yes | F18: K2 | G18: S2
A19: E6 | B19: PROD | C19: Production | D19: Production | E19: Yes | F19: K3 | G19: S3
A20: E7
A21: E8
B23: Environment assignment used in the delivered template follows runbook v2.3 Section 5 (option B): DEV, SIT and UAT share K1 and S1; PERF and PREPROD share K2 and S2; PROD has K3 and S3. Change it if the design changes.

Sheet 2 Kafka Clusters
A1: 2 Kafka clusters: requirements for each Confluent Cloud cluster
A2: One column per cluster. Only clusters with environments assigned on the Setup sheet are sized.
A4: Step | B4: Item | C4: Unit | D4: Guidance | E4: Ref | F4: K1 | G4: K2 | H4: K3 | I4: K4 | J4: K5 | K4: K6
A5: A. Identification
A6: KC.01 | B6: Cluster name | C6: text | D6: Name the customer will use with Confluent, for example cc-prd. | E6: - | F6: cc-np1 | G6: cc-np2 | H6: cc-prd
A7: KC.02 | B7: Azure region | C7: text | D7: Leave blank to use the region on the Setup sheet. | E7: -
A8: B. Service requirements (customer decisions)
A9: KC.03 | B9: Required availability SLA | C9: % | D9: 99.5 % is only offered on Basic. 99.9 % needs 1 eCKU on Standard or Enterprise; 99.99 % needs 2 eCKU. Dedicated gives 99.95 % single-zone or 99.99 % multi-zone (2 CKU or more). | E9: C1 | F9: 99.9% | G9: 99.99% | H9: 99.99% | I9: 99.99% | J9: 99.99% | K9: 99.99%
A10: KC.04 | B10: Private networking required | C10: Yes/No | D10: Yes if AKS must reach Kafka over Azure Private Link. Confluent positions Standard for public networking and Enterprise for private networking. | E10: C1 | F10: Yes | G10: Yes | H10: Yes | I10: Yes | J10: Yes | K10: Yes
A11: KC.05 | B11: Self-managed encryption keys (BYOK) | C11: Yes/No | D11: On Azure, self-managed keys are available on Dedicated and Enterprise only, and are fixed at cluster creation. | E11: C4 | F11: No | G11: No | H11: No | I11: No | J11: No | K11: No
A12: KC.06 | B12: Multi-zone required (Dedicated) | C12: Yes/No | D12: Applies only if Dedicated is chosen. Multi-zone needs at least 2 CKU and cannot be changed after creation. | E12: C1 | F12: Yes | G12: Yes | H12: Yes | I12: Yes | J12: Yes | K12: Yes
A13: KC.07 | B13: Preferred cluster type | C13: list | D13: Auto lets the workbook choose the first suitable type in the order Basic, Standard, Enterprise, Dedicated. Choose a type to force it; the checks show whether it meets the requirements. | E13: C1 | F13: Auto | G13: Auto | H13: Auto | I13: Auto | J13: Auto | K13: Auto
A14: KC.08 | B14: Confluent billing method | C14: list | D14: Sets the Dedicated purchase limit: 4 CKU with credit card, 24 CKU with invoice or marketplace billing. Higher limits are available by request. | E14: C1 | F14: Invoice | G14: Invoice | H14: Invoice | I14: Invoice | J14: Invoice | K14: Invoice
A15: C. Planning allowance (customer decisions)
A16: KC.09 | B16: Growth allowance over the planning period | C16: % | D16: Expected growth in partitions, throughput, connections and stored data. Pega publishes no growth figure; this is a business input. | E16: W | F16: 0.2 | G16: 0.2 | H16: 0.2 | I16: 0.2 | J16: 0.2 | K16: 0.2
A17: KC.10 | B17: Target maximum utilisation | C17: % | D17: Planned capacity = demand x (1 + growth) / target. 70 % matches the average CPU level at which Pega advises a bigger node for its stream service. Change it if your policy differs. | E17: P5 | F17: 0.7 | G17: 0.7 | H17: 0.7 | I17: 0.7 | J17: 0.7 | K17: 0.7
A18: KC.11 | B18: Notes | C18: text | D18: Decisions or assumptions for this cluster. | E18: -

Sheet 3 Kafka Demand
A1: 3 Kafka demand per environment
A2: One row per environment from the Setup sheet. Enter measured figures where available.
A5: Environment | E5: Partitions | K5: Peak throughput | S5: Daily volume and storage | Z5: Connections, requests and message size
A6: Environment | B6: Kafka cluster | C6: Pega landscape | D6: Landscape rank (1-4) | E6: Input status (list) | F6: Measured leader partitions (count) | G6: Queue processors (count) | H6: Other Pega topics (count) | I6: Partitions per topic (count) | J6: Leader partitions used (count) | K6: Of which compacted (count) | L6: Peak messages written per second (msg/s) | M6: Average message size (bytes) | N6: Measured peak write (MBps) | O6: Peak write used (MBps) | P6: Consumer fan-out (reads per write) | Q6: Measured peak read (MBps) | R6: Peak read used (MBps) | S6: Messages written per day (count) | T6: Measured GiB written per day (GiB) | U6: GiB written per day used (GiB) | V6: GiB read per day (GiB) | W6: Retention (hours) | X6: Compression ratio (x) | Y6: Stored GiB (before replication) (GiB) | Z6: Peak client connections (count) | AA6: Peak requests per second (req/s) | AB6: Largest message (bytes) | AC6: Notes
A7: =IF('1 Setup'!B14="","",'1 Setup'!B14) | B7: =IF(AND('1 Setup'!E14="Yes",'1 Setup'!F14<>""),'1 Setup'!F14,"") | C7: =IF('1 Setup'!D14="","",'1 Setup'!D14) | D7: =IFERROR(MATCH(C7,LANDSCAPES,0),0) | E7: Example | G7: 120 | H7: 30 | I7: 6 | J7: =IF(F7<>"",F7,(G7+H7)*I7) | K7: 0 | L7: 1000 | M7: 1000 | O7: =IF(N7<>"",N7,L7*M7/W_BYTES_MB) | P7: 2 | R7: =IF(Q7<>"",Q7,O7*P7) | S7: 20000000 | U7: =IF(T7<>"",T7,S7*M7/W_BYTES_GIB) | V7: =IF(AND(Q7<>"",N7<>"",N7>0),U7*Q7/N7,U7*P7) | W7: 168 | X7: 1 | Y7: =IF(W7="",0,U7*W7/24/IF(X7>0,X7,1)) | Z7: 600 | AA7: 1000 | AB7: 1000000 | AC7: Illustrative figures for the worked example. Replace with measured values.
A8: =IF('1 Setup'!B15="","",'1 Setup'!B15) | B8: =IF(AND('1 Setup'!E15="Yes",'1 Setup'!F15<>""),'1 Setup'!F15,"") | C8: =IF('1 Setup'!D15="","",'1 Setup'!D15) | D8: =IFERROR(MATCH(C8,LANDSCAPES,0),0) | E8: Example | G8: 120 | H8: 30 | I8: 6 | J8: =IF(F8<>"",F8,(G8+H8)*I8) | K8: 0 | L8: 1500 | M8: 1000 | O8: =IF(N8<>"",N8,L8*M8/W_BYTES_MB) | P8: 2 | R8: =IF(Q8<>"",Q8,O8*P8) | S8: 30000000 | U8: =IF(T8<>"",T8,S8*M8/W_BYTES_GIB) | V8: =IF(AND(Q8<>"",N8<>"",N8>0),U8*Q8/N8,U8*P8) | W8: 168 | X8: 1 | Y8: =IF(W8="",0,U8*W8/24/IF(X8>0,X8,1)) | Z8: 600 | AA8: 1200 | AB8: 1000000 | AC8: Illustrative figures for the worked example. Replace with measured values.
A9: =IF('1 Setup'!B16="","",'1 Setup'!B16) | B9: =IF(AND('1 Setup'!E16="Yes",'1 Setup'!F16<>""),'1 Setup'!F16,"") | C9: =IF('1 Setup'!D16="","",'1 Setup'!D16) | D9: =IFERROR(MATCH(C9,LANDSCAPES,0),0) | E9: Example | G9: 120 | H9: 30 | I9: 6 | J9: =IF(F9<>"",F9,(G9+H9)*I9) | K9: 0 | L9: 2000 | M9: 1000 | O9: =IF(N9<>"",N9,L9*M9/W_BYTES_MB) | P9: 2 | R9: =IF(Q9<>"",Q9,O9*P9) | S9: 40000000 | U9: =IF(T9<>"",T9,S9*M9/W_BYTES_GIB) | V9: =IF(AND(Q9<>"",N9<>"",N9>0),U9*Q9/N9,U9*P9) | W9: 168 | X9: 1 | Y9: =IF(W9="",0,U9*W9/24/IF(X9>0,X9,1)) | Z9: 800 | AA9: 1500 | AB9: 1000000 | AC9: Illustrative figures for the worked example. Replace with measured values.
A10: =IF('1 Setup'!B17="","",'1 Setup'!B17) | B10: =IF(AND('1 Setup'!E17="Yes",'1 Setup'!F17<>""),'1 Setup'!F17,"") | C10: =IF('1 Setup'!D17="","",'1 Setup'!D17) | D10: =IFERROR(MATCH(C10,LANDSCAPES,0),0) | E10: Example | G10: 120 | H10: 30 | I10: 6 | J10: =IF(F10<>"",F10,(G10+H10)*I10) | K10: 0 | L10: 8000 | M10: 1000 | O10: =IF(N10<>"",N10,L10*M10/W_BYTES_MB) | P10: 2 | R10: =IF(Q10<>"",Q10,O10*P10) | S10: 150000000 | U10: =IF(T10<>"",T10,S10*M10/W_BYTES_GIB) | V10: =IF(AND(Q10<>"",N10<>"",N10>0),U10*Q10/N10,U10*P10) | W10: 72 | X10: 1 | Y10: =IF(W10="",0,U10*W10/24/IF(X10>0,X10,1)) | Z10: 1500 | AA10: 4000 | AB10: 2000000 | AC10: Illustrative figures for the worked example. Replace with measured values.
A11: =IF('1 Setup'!B18="","",'1 Setup'!B18) | B11: =IF(AND('1 Setup'!E18="Yes",'1 Setup'!F18<>""),'1 Setup'!F18,"") | C11: =IF('1 Setup'!D18="","",'1 Setup'!D18) | D11: =IFERROR(MATCH(C11,LANDSCAPES,0),0) | E11: Example | G11: 120 | H11: 30 | I11: 6 | J11: =IF(F11<>"",F11,(G11+H11)*I11) | K11: 0 | L11: 4000 | M11: 1000 | O11: =IF(N11<>"",N11,L11*M11/W_BYTES_MB) | P11: 2 | R11: =IF(Q11<>"",Q11,O11*P11) | S11: 80000000 | U11: =IF(T11<>"",T11,S11*M11/W_BYTES_GIB) | V11: =IF(AND(Q11<>"",N11<>"",N11>0),U11*Q11/N11,U11*P11) | W11: 168 | X11: 1 | Y11: =IF(W11="",0,U11*W11/24/IF(X11>0,X11,1)) | Z11: 1500 | AA11: 3000 | AB11: 2000000 | AC11: Illustrative figures for the worked example. Replace with measured values.
A12: =IF('1 Setup'!B19="","",'1 Setup'!B19) | B12: =IF(AND('1 Setup'!E19="Yes",'1 Setup'!F19<>""),'1 Setup'!F19,"") | C12: =IF('1 Setup'!D19="","",'1 Setup'!D19) | D12: =IFERROR(MATCH(C12,LANDSCAPES,0),0) | E12: Example | G12: 120 | H12: 30 | I12: 6 | J12: =IF(F12<>"",F12,(G12+H12)*I12) | K12: 0 | L12: 8000 | M12: 1000 | O12: =IF(N12<>"",N12,L12*M12/W_BYTES_MB) | P12: 2 | R12: =IF(Q12<>"",Q12,O12*P12) | S12: 300000000 | U12: =IF(T12<>"",T12,S12*M12/W_BYTES_GIB) | V12: =IF(AND(Q12<>"",N12<>"",N12>0),U12*Q12/N12,U12*P12) | W12: 168 | X12: 1 | Y12: =IF(W12="",0,U12*W12/24/IF(X12>0,X12,1)) | Z12: 1800 | AA12: 4000 | AB12: 2000000 | AC12: Illustrative figures for the worked example. Replace with measured values.
A13: =IF('1 Setup'!B20="","",'1 Setup'!B20) | B13: =IF(AND('1 Setup'!E20="Yes",'1 Setup'!F20<>""),'1 Setup'!F20,"") | C13: =IF('1 Setup'!D20="","",'1 Setup'!D20) | D13: =IFERROR(MATCH(C13,LANDSCAPES,0),0) | I13: 6 | J13: =IF(F13<>"",F13,(G13+H13)*I13) | O13: =IF(N13<>"",N13,L13*M13/W_BYTES_MB) | P13: 1 | R13: =IF(Q13<>"",Q13,O13*P13) | U13: =IF(T13<>"",T13,S13*M13/W_BYTES_GIB) | V13: =IF(AND(Q13<>"",N13<>"",N13>0),U13*Q13/N13,U13*P13) | W13: 168 | X13: 1 | Y13: =IF(W13="",0,U13*W13/24/IF(X13>0,X13,1))
A14: =IF('1 Setup'!B21="","",'1 Setup'!B21) | B14: =IF(AND('1 Setup'!E21="Yes",'1 Setup'!F21<>""),'1 Setup'!F21,"") | C14: =IF('1 Setup'!D21="","",'1 Setup'!D21) | D14: =IFERROR(MATCH(C14,LANDSCAPES,0),0) | I14: 6 | J14: =IF(F14<>"",F14,(G14+H14)*I14) | O14: =IF(N14<>"",N14,L14*M14/W_BYTES_MB) | P14: 1 | R14: =IF(Q14<>"",Q14,O14*P14) | U14: =IF(T14<>"",T14,S14*M14/W_BYTES_GIB) | V14: =IF(AND(Q14<>"",N14<>"",N14>0),U14*Q14/N14,U14*P14) | W14: 168 | X14: 1 | Y14: =IF(W14="",0,U14*W14/24/IF(X14>0,X14,1))
A16: Yellow cells are inputs; grey cells are worked out. Hover over a column heading for guidance and the source. Where a measured figure is given it replaces the estimate beside it.

Sheet 4 Search Services
A1: 4 Search services: requirements for each managed OpenSearch service
A2: One column per service. Only services with environments assigned on the Setup sheet are sized.
A4: Step | B4: Item | C4: Unit | D4: Guidance | E4: Ref | F4: S1 | G4: S2 | H4: S3 | I4: S4 | J4: S5 | K4: S6
A5: A. Identification
A6: SS.01 | B6: Service name | C6: text | D6: Name the customer will use with the search provider, for example os-prd. | E6: - | F6: os-np1 | G6: os-np2 | H6: os-prd
A7: SS.02 | B7: Azure region | C7: text | D7: Leave blank to use the region on the Setup sheet. | E7: -
A8: B. Service requirements (customer decisions)
A9: SS.03 | B9: High availability required | C9: Yes/No | D9: Yes applies Pega's rule of at least three cluster manager nodes, three data nodes and three SRS pods. | E9: P2 | F9: Yes | G9: Yes | H9: Yes | I9: Yes | J9: Yes | K9: Yes
A10: SS.04 | B10: Availability zones | C10: count | D10: With high availability, data nodes are rounded up to a multiple of the zone count, as OpenSearch advises for three zones. | E10: O1 | F10: 3 | G10: 3 | H10: 3 | I10: 3 | J10: 3 | K10: 3
A11: SS.05 | B11: Replicas per primary shard | C11: count | D11: OpenSearch default is 1. Each replica is a full extra copy and is placed on a different node from its primary, so replicas + 1 data nodes are needed. For a single-node test service, as in Pega's test rows, set 0. | E11: O2, O5 | F11: 1 | G11: 1 | H11: 1 | I11: 1 | J11: 1 | K11: 1
A12: SS.06 | B12: Pega sizing profile | C12: list | D12: Auto picks Large when searchable data reaches the 2 TB of Pega's large example, otherwise Default. Choose Minimum, Default or Large to override. | E12: P2 | F12: Auto | G12: Auto | H12: Auto | I12: Auto | J12: Auto | K12: Auto
A13: C. Provider storage overheads (replace with the provider's figures)
A14: SS.07 | B14: Provider storage overhead | C14: % | D14: Space the provider reserves on each node. 20 % is the AWS OpenSearch Service figure (capped at 20 GiB per instance). Ask your provider for theirs. | E14: A1 | F14: 0.2 | G14: 0.2 | H14: 0.2 | I14: 0.2 | J14: 0.2 | K14: 0.2
A15: SS.08 | B15: Operating system reserved space | C15: % | D15: Linux reserves 5 % of the file system by default. | E15: A1 | F15: 0.05 | G15: 0.05 | H15: 0.05 | I15: 0.05 | J15: 0.05 | K15: 0.05
A16: SS.09 | B16: Indexing overhead | C16: % | D16: Index size on disk relative to the source data; often about 10 %. | E16: A1 | F16: 0.1 | G16: 0.1 | H16: 0.1 | I16: 0.1 | J16: 0.1 | K16: 0.1
A17: D. Data node size overrides (leave blank to use the Pega profile size)
A18: SS.10 | B18: Data node vCPU (override) | C18: vCPU | D18: Leave blank to use the Pega profile size. | E18: P2 | F18: 4
A19: SS.11 | B19: Data node RAM (override) | C19: GB | D19: Leave blank to use the Pega profile size. Java heap is taken as half of RAM. | E19: P2, O4 | F19: 16
A20: SS.12 | B20: Data node disk (override) | C20: GB | D20: Leave blank to use the Pega profile size. A larger disk can reduce the node count when storage drives it. | E20: P2
A21: E. Service options
A22: SS.13 | B22: Engine version offered by the provider | C22: list | D22: Pega supports OpenSearch 1.3, 2.15 and 2.19 with the search-n-reporting-service-os image; 2.15 is Pega's best practice. | E22: P2 | F22: OpenSearch 2.15 | G22: OpenSearch 2.15 | H22: OpenSearch 2.15 | I22: OpenSearch 2.15 | J22: OpenSearch 2.15 | K22: OpenSearch 2.15
A23: SS.14 | B23: Private connectivity required | C23: Yes/No | D23: For the provider request only. | E23: - | F23: Yes | G23: Yes | H23: Yes | I23: Yes | J23: Yes | K23: Yes
A24: SS.15 | B24: Customer-managed encryption key | C24: Yes/No | D24: For the provider request only. | E24: - | F24: No | G24: No | H24: No | I24: No | J24: No | K24: No
A25: SS.16 | B25: Notes | C25: text | D25: Decisions or assumptions for this service. | E25: -

Sheet 5 Search Demand
A1: 5 Search demand per environment
A2: One row per environment from the Setup sheet. Enter primary (not replicated) sizes.
A5: Environment | E5: Inputs | M5: Worked out
A6: Environment | B6: Search service | C6: Pega landscape | D6: Landscape rank (1-4) | E6: Input status (list) | F6: Searchable data today (GB) | G6: Documents today (count) | H6: Indexes (count) | I6: Primary shards per index (count) | J6: Annual growth (%) | K6: Planning period (years) | L6: Temporary extra data (GB) | M6: Searchable data at end of period (GB) | N6: Documents at end of period (count) | O6: Primary shards (count) | P6: Notes
A7: =IF('1 Setup'!B14="","",'1 Setup'!B14) | B7: =IF(AND('1 Setup'!E14="Yes",'1 Setup'!G14<>""),'1 Setup'!G14,"") | C7: =IF('1 Setup'!D14="","",'1 Setup'!D14) | D7: =IFERROR(MATCH(C7,LANDSCAPES,0),0) | E7: Example | F7: 5 | G7: 100000 | H7: 60 | I7: 1 | J7: 0.2 | K7: 3 | L7: 0 | M7: =F7*(1+J7)^K7 | N7: =G7*(1+J7)^K7 | O7: =H7*I7 | P7: Illustrative figures for the worked example. Replace with measured values.
A8: =IF('1 Setup'!B15="","",'1 Setup'!B15) | B8: =IF(AND('1 Setup'!E15="Yes",'1 Setup'!G15<>""),'1 Setup'!G15,"") | C8: =IF('1 Setup'!D15="","",'1 Setup'!D15) | D8: =IFERROR(MATCH(C8,LANDSCAPES,0),0) | E8: Example | F8: 10 | G8: 200000 | H8: 60 | I8: 1 | J8: 0.2 | K8: 3 | L8: 0 | M8: =F8*(1+J8)^K8 | N8: =G8*(1+J8)^K8 | O8: =H8*I8 | P8: Illustrative figures for the worked example. Replace with measured values.
A9: =IF('1 Setup'!B16="","",'1 Setup'!B16) | B9: =IF(AND('1 Setup'!E16="Yes",'1 Setup'!G16<>""),'1 Setup'!G16,"") | C9: =IF('1 Setup'!D16="","",'1 Setup'!D16) | D9: =IFERROR(MATCH(C9,LANDSCAPES,0),0) | E9: Example | F9: 15 | G9: 300000 | H9: 60 | I9: 1 | J9: 0.2 | K9: 3 | L9: 0 | M9: =F9*(1+J9)^K9 | N9: =G9*(1+J9)^K9 | O9: =H9*I9 | P9: Illustrative figures for the worked example. Replace with measured values.
A10: =IF('1 Setup'!B17="","",'1 Setup'!B17) | B10: =IF(AND('1 Setup'!E17="Yes",'1 Setup'!G17<>""),'1 Setup'!G17,"") | C10: =IF('1 Setup'!D17="","",'1 Setup'!D17) | D10: =IFERROR(MATCH(C10,LANDSCAPES,0),0) | E10: Example | F10: 40 | G10: 800000 | H10: 60 | I10: 1 | J10: 0.2 | K10: 3 | L10: 0 | M10: =F10*(1+J10)^K10 | N10: =G10*(1+J10)^K10 | O10: =H10*I10 | P10: Illustrative figures for the worked example. Replace with measured values.
A11: =IF('1 Setup'!B18="","",'1 Setup'!B18) | B11: =IF(AND('1 Setup'!E18="Yes",'1 Setup'!G18<>""),'1 Setup'!G18,"") | C11: =IF('1 Setup'!D18="","",'1 Setup'!D18) | D11: =IFERROR(MATCH(C11,LANDSCAPES,0),0) | E11: Example | F11: 40 | G11: 800000 | H11: 60 | I11: 1 | J11: 0.2 | K11: 3 | L11: 0 | M11: =F11*(1+J11)^K11 | N11: =G11*(1+J11)^K11 | O11: =H11*I11 | P11: Illustrative figures for the worked example. Replace with measured values.
A12: =IF('1 Setup'!B19="","",'1 Setup'!B19) | B12: =IF(AND('1 Setup'!E19="Yes",'1 Setup'!G19<>""),'1 Setup'!G19,"") | C12: =IF('1 Setup'!D19="","",'1 Setup'!D19) | D12: =IFERROR(MATCH(C12,LANDSCAPES,0),0) | E12: Example | F12: 40 | G12: 2000000 | H12: 60 | I12: 1 | J12: 0.2 | K12: 3 | L12: 0 | M12: =F12*(1+J12)^K12 | N12: =G12*(1+J12)^K12 | O12: =H12*I12 | P12: Illustrative figures for the worked example. Replace with measured values.
A13: =IF('1 Setup'!B20="","",'1 Setup'!B20) | B13: =IF(AND('1 Setup'!E20="Yes",'1 Setup'!G20<>""),'1 Setup'!G20,"") | C13: =IF('1 Setup'!D20="","",'1 Setup'!D20) | D13: =IFERROR(MATCH(C13,LANDSCAPES,0),0) | I13: 1 | M13: =F13*(1+J13)^K13 | N13: =G13*(1+J13)^K13 | O13: =H13*I13
A14: =IF('1 Setup'!B21="","",'1 Setup'!B21) | B14: =IF(AND('1 Setup'!E21="Yes",'1 Setup'!G21<>""),'1 Setup'!G21,"") | C14: =IF('1 Setup'!D21="","",'1 Setup'!D21) | D14: =IFERROR(MATCH(C14,LANDSCAPES,0),0) | I14: 1 | M14: =F14*(1+J14)^K14 | N14: =G14*(1+J14)^K14 | O14: =H14*I14
A16: Yellow cells are inputs; grey cells are worked out. Hover over a column heading for guidance and the source. Where a measured figure is given it replaces the estimate beside it.

Sheet 6 Kafka Sizing
A1: 6 Kafka sizing: Confluent Cloud cluster type, units and pricing quantities
A2: One column per Kafka cluster. Every figure is a formula; the 'How it is worked out' column and the Ref column explain each step. Green rows are the results.
A4: Step | B4: Item | C4: Unit | D4: How it is worked out | E4: Ref | F4: K1 | G4: K2 | H4: K3 | I4: K4 | J4: K5 | K4: K6
A5: A. Environments on this cluster
A6: K.01 | B6: Environments assigned | C6: count | D6: In-scope environments assigned to this cluster on the Setup sheet. | E6: - | F6: =COUNTIF(KD_CLUSTER,F$4) | G6: =COUNTIF(KD_CLUSTER,G$4) | H6: =COUNTIF(KD_CLUSTER,H$4) | I6: =COUNTIF(KD_CLUSTER,I$4) | J6: =COUNTIF(KD_CLUSTER,J$4) | K6: =COUNTIF(KD_CLUSTER,K$4)
A7: K.02 | B7: Environment codes | C7: text | E7: - | F7: =TRIM(IF('3 Kafka Demand'!$B$7=F$4,'3 Kafka Demand'!$A$7&" ","")&IF('3 Kafka Demand'!$B$8=F$4,'3 Kafka Demand'!$A$8&" ","")&IF('3 Kafka Demand'!$B$9=F$4,'3 Kafka Demand'!$A$9&" ","")&IF('3 Kafka Demand'!$B$10=F$4,'3 Kafka Demand'!$A$10&" ","")&IF('3 Kafka Demand'!$B$11=F$4,'3 Kafka Demand'!$A$11&" ","")&IF('3 Kafka Demand'!$B$12=F$4,'3 Kafka Demand'!$A$12&" ","")&IF('3 Kafka Demand'!$B$13=F$4,'3 Kafka Demand'!$A$13&" ","")&IF('3 Kafka Demand'!$B$14=F$4,'3 Kafka Demand'!$A$14&" ","")) | G7: =TRIM(IF('3 Kafka Demand'!$B$7=G$4,'3 Kafka Demand'!$A$7&" ","")&IF('3 Kafka Demand'!$B$8=G$4,'3 Kafka Demand'!$A$8&" ","")&IF('3 Kafka Demand'!$B$9=G$4,'3 Kafka Demand'!$A$9&" ","")&IF('3 Kafka Demand'!$B$10=G$4,'3 Kafka Demand'!$A$10&" ","")&IF('3 Kafka Demand'!$B$11=G$4,'3 Kafka Demand'!$A$11&" ","")&IF('3 Kafka Demand'!$B$12=G$4,'3 Kafka Demand'!$A$12&" ","")&IF('3 Kafka Demand'!$B$13=G$4,'3 Kafka Demand'!$A$13&" ","")&IF('3 Kafka Demand'!$B$14=G$4,'3 Kafka Demand'!$A$14&" ","")) | H7: =TRIM(IF('3 Kafka Demand'!$B$7=H$4,'3 Kafka Demand'!$A$7&" ","")&IF('3 Kafka Demand'!$B$8=H$4,'3 Kafka Demand'!$A$8&" ","")&IF('3 Kafka Demand'!$B$9=H$4,'3 Kafka Demand'!$A$9&" ","")&IF('3 Kafka Demand'!$B$10=H$4,'3 Kafka Demand'!$A$10&" ","")&IF('3 Kafka Demand'!$B$11=H$4,'3 Kafka Demand'!$A$11&" ","")&IF('3 Kafka Demand'!$B$12=H$4,'3 Kafka Demand'!$A$12&" ","")&IF('3 Kafka Demand'!$B$13=H$4,'3 Kafka Demand'!$A$13&" ","")&IF('3 Kafka Demand'!$B$14=H$4,'3 Kafka Demand'!$A$14&" ","")) | I7: =TRIM(IF('3 Kafka Demand'!$B$7=I$4,'3 Kafka Demand'!$A$7&" ","")&IF('3 Kafka Demand'!$B$8=I$4,'3 Kafka Demand'!$A$8&" ","")&IF('3 Kafka Demand'!$B$9=I$4,'3 Kafka Demand'!$A$9&" ","")&IF('3 Kafka Demand'!$B$10=I$4,'3 Kafka Demand'!$A$10&" ","")&IF('3 Kafka Demand'!$B$11=I$4,'3 Kafka Demand'!$A$11&" ","")&IF('3 Kafka Demand'!$B$12=I$4,'3 Kafka Demand'!$A$12&" ","")&IF('3 Kafka Demand'!$B$13=I$4,'3 Kafka Demand'!$A$13&" ","")&IF('3 Kafka Demand'!$B$14=I$4,'3 Kafka Demand'!$A$14&" ","")) | J7: =TRIM(IF('3 Kafka Demand'!$B$7=J$4,'3 Kafka Demand'!$A$7&" ","")&IF('3 Kafka Demand'!$B$8=J$4,'3 Kafka Demand'!$A$8&" ","")&IF('3 Kafka Demand'!$B$9=J$4,'3 Kafka Demand'!$A$9&" ","")&IF('3 Kafka Demand'!$B$10=J$4,'3 Kafka Demand'!$A$10&" ","")&IF('3 Kafka Demand'!$B$11=J$4,'3 Kafka Demand'!$A$11&" ","")&IF('3 Kafka Demand'!$B$12=J$4,'3 Kafka Demand'!$A$12&" ","")&IF('3 Kafka Demand'!$B$13=J$4,'3 Kafka Demand'!$A$13&" ","")&IF('3 Kafka Demand'!$B$14=J$4,'3 Kafka Demand'!$A$14&" ","")) | K7: =TRIM(IF('3 Kafka Demand'!$B$7=K$4,'3 Kafka Demand'!$A$7&" ","")&IF('3 Kafka Demand'!$B$8=K$4,'3 Kafka Demand'!$A$8&" ","")&IF('3 Kafka Demand'!$B$9=K$4,'3 Kafka Demand'!$A$9&" ","")&IF('3 Kafka Demand'!$B$10=K$4,'3 Kafka Demand'!$A$10&" ","")&IF('3 Kafka Demand'!$B$11=K$4,'3 Kafka Demand'!$A$11&" ","")&IF('3 Kafka Demand'!$B$12=K$4,'3 Kafka Demand'!$A$12&" ","")&IF('3 Kafka Demand'!$B$13=K$4,'3 Kafka Demand'!$A$13&" ","")&IF('3 Kafka Demand'!$B$14=K$4,'3 Kafka Demand'!$A$14&" ",""))
A8: K.03 | B8: Cluster name | C8: text | D8: From the Kafka Clusters sheet. | E8: - | F8: =IF('2 Kafka Clusters'!F6="",F$4,'2 Kafka Clusters'!F6) | G8: =IF('2 Kafka Clusters'!G6="",G$4,'2 Kafka Clusters'!G6) | H8: =IF('2 Kafka Clusters'!H6="",H$4,'2 Kafka Clusters'!H6) | I8: =IF('2 Kafka Clusters'!I6="",I$4,'2 Kafka Clusters'!I6) | J8: =IF('2 Kafka Clusters'!J6="",J$4,'2 Kafka Clusters'!J6) | K8: =IF('2 Kafka Clusters'!K6="",K$4,'2 Kafka Clusters'!K6)
A9: K.04 | B9: Most demanding landscape (rank) | C9: 1-4 | D9: 1 Development, 2 Testing, 3 Stage, 4 Production. | E9: - | F9: =SUMPRODUCT(MAX((KD_CLUSTER=F$4)*KD_RANK)) | G9: =SUMPRODUCT(MAX((KD_CLUSTER=G$4)*KD_RANK)) | H9: =SUMPRODUCT(MAX((KD_CLUSTER=H$4)*KD_RANK)) | I9: =SUMPRODUCT(MAX((KD_CLUSTER=I$4)*KD_RANK)) | J9: =SUMPRODUCT(MAX((KD_CLUSTER=J$4)*KD_RANK)) | K9: =SUMPRODUCT(MAX((KD_CLUSTER=K$4)*KD_RANK))
A10: K.05 | B10: Most demanding landscape | C10: text | E10: P1 | F10: =IF(F9=0,"-",INDEX(LANDSCAPES,F9)) | G10: =IF(G9=0,"-",INDEX(LANDSCAPES,G9)) | H10: =IF(H9=0,"-",INDEX(LANDSCAPES,H9)) | I10: =IF(I9=0,"-",INDEX(LANDSCAPES,I9)) | J10: =IF(J9=0,"-",INDEX(LANDSCAPES,J9)) | K10: =IF(K9=0,"-",INDEX(LANDSCAPES,K9))
A11: K.06 | B11: Pega Kafka sizing row used | C11: text | D11: Production or Stage use Pega's Production row; Testing or Development use the Development row (W). | E11: P1, W | F11: =IF(F9=0,"-",IF(F9>=3,"Production","Development")) | G11: =IF(G9=0,"-",IF(G9>=3,"Production","Development")) | H11: =IF(H9=0,"-",IF(H9>=3,"Production","Development")) | I11: =IF(I9=0,"-",IF(I9>=3,"Production","Development")) | J11: =IF(J9=0,"-",IF(J9>=3,"Production","Development")) | K11: =IF(K9=0,"-",IF(K9>=3,"Production","Development"))
A12: B. Demand: sum of the environments on this cluster (from the Kafka Demand sheet)
A13: K.07 | B13: Leader partitions | C13: count | D13: Sum of leader partitions. Confluent counts partitions before replication [C1]. | E13: C1, P3 | F13: =SUMIF(KD_CLUSTER,F$4,KD_PARTS) | G13: =SUMIF(KD_CLUSTER,G$4,KD_PARTS) | H13: =SUMIF(KD_CLUSTER,H$4,KD_PARTS) | I13: =SUMIF(KD_CLUSTER,I$4,KD_PARTS) | J13: =SUMIF(KD_CLUSTER,J$4,KD_PARTS) | K13: =SUMIF(KD_CLUSTER,K$4,KD_PARTS)
A14: K.08 | B14: Compacted partitions | C14: count | D14: Sum of compacted partitions. | E14: C1 | F14: =SUMIF(KD_CLUSTER,F$4,KD_COMPACT) | G14: =SUMIF(KD_CLUSTER,G$4,KD_COMPACT) | H14: =SUMIF(KD_CLUSTER,H$4,KD_COMPACT) | I14: =SUMIF(KD_CLUSTER,I$4,KD_COMPACT) | J14: =SUMIF(KD_CLUSTER,J$4,KD_COMPACT) | K14: =SUMIF(KD_CLUSTER,K$4,KD_COMPACT)
A15: K.09 | B15: Peak write (ingress) | C15: MBps | D15: Sum of environment peaks. This is cautious because the peaks may not happen at the same time. | E15: - | F15: =SUMIF(KD_CLUSTER,F$4,KD_IN) | G15: =SUMIF(KD_CLUSTER,G$4,KD_IN) | H15: =SUMIF(KD_CLUSTER,H$4,KD_IN) | I15: =SUMIF(KD_CLUSTER,I$4,KD_IN) | J15: =SUMIF(KD_CLUSTER,J$4,KD_IN) | K15: =SUMIF(KD_CLUSTER,K$4,KD_IN)
A16: K.10 | B16: Peak read (egress) | C16: MBps | D16: Sum of environment peaks. | E16: - | F16: =SUMIF(KD_CLUSTER,F$4,KD_OUT) | G16: =SUMIF(KD_CLUSTER,G$4,KD_OUT) | H16: =SUMIF(KD_CLUSTER,H$4,KD_OUT) | I16: =SUMIF(KD_CLUSTER,I$4,KD_OUT) | J16: =SUMIF(KD_CLUSTER,J$4,KD_OUT) | K16: =SUMIF(KD_CLUSTER,K$4,KD_OUT)
A17: K.11 | B17: Peak client connections | C17: count | D17: Sum of environment peaks. | E17: - | F17: =SUMIF(KD_CLUSTER,F$4,KD_CONN) | G17: =SUMIF(KD_CLUSTER,G$4,KD_CONN) | H17: =SUMIF(KD_CLUSTER,H$4,KD_CONN) | I17: =SUMIF(KD_CLUSTER,I$4,KD_CONN) | J17: =SUMIF(KD_CLUSTER,J$4,KD_CONN) | K17: =SUMIF(KD_CLUSTER,K$4,KD_CONN)
A18: K.12 | B18: Peak requests per second | C18: req/s | D18: Sum of environment peaks. | E18: - | F18: =SUMIF(KD_CLUSTER,F$4,KD_REQ) | G18: =SUMIF(KD_CLUSTER,G$4,KD_REQ) | H18: =SUMIF(KD_CLUSTER,H$4,KD_REQ) | I18: =SUMIF(KD_CLUSTER,I$4,KD_REQ) | J18: =SUMIF(KD_CLUSTER,J$4,KD_REQ) | K18: =SUMIF(KD_CLUSTER,K$4,KD_REQ)
A19: K.13 | B19: Largest message | C19: bytes | D19: Largest of the environment figures. | E19: - | F19: =SUMPRODUCT(MAX((KD_CLUSTER=F$4)*KD_MSGMAX)) | G19: =SUMPRODUCT(MAX((KD_CLUSTER=G$4)*KD_MSGMAX)) | H19: =SUMPRODUCT(MAX((KD_CLUSTER=H$4)*KD_MSGMAX)) | I19: =SUMPRODUCT(MAX((KD_CLUSTER=I$4)*KD_MSGMAX)) | J19: =SUMPRODUCT(MAX((KD_CLUSTER=J$4)*KD_MSGMAX)) | K19: =SUMPRODUCT(MAX((KD_CLUSTER=K$4)*KD_MSGMAX))
A20: K.14 | B20: GiB written per day | C20: GiB | D20: Sum of environments. | E20: - | F20: =SUMIF(KD_CLUSTER,F$4,KD_GIB) | G20: =SUMIF(KD_CLUSTER,G$4,KD_GIB) | H20: =SUMIF(KD_CLUSTER,H$4,KD_GIB) | I20: =SUMIF(KD_CLUSTER,I$4,KD_GIB) | J20: =SUMIF(KD_CLUSTER,J$4,KD_GIB) | K20: =SUMIF(KD_CLUSTER,K$4,KD_GIB)
A21: K.15 | B21: GiB read per day | C21: GiB | D21: Sum of environments. | E21: - | F21: =SUMIF(KD_CLUSTER,F$4,KD_GIBR) | G21: =SUMIF(KD_CLUSTER,G$4,KD_GIBR) | H21: =SUMIF(KD_CLUSTER,H$4,KD_GIBR) | I21: =SUMIF(KD_CLUSTER,I$4,KD_GIBR) | J21: =SUMIF(KD_CLUSTER,J$4,KD_GIBR) | K21: =SUMIF(KD_CLUSTER,K$4,KD_GIBR)
A22: K.16 | B22: Stored GiB before replication | C22: GiB | D22: Sum of environments (GiB per day x retention). | E22: - | F22: =SUMIF(KD_CLUSTER,F$4,KD_STORE) | G22: =SUMIF(KD_CLUSTER,G$4,KD_STORE) | H22: =SUMIF(KD_CLUSTER,H$4,KD_STORE) | I22: =SUMIF(KD_CLUSTER,I$4,KD_STORE) | J22: =SUMIF(KD_CLUSTER,J$4,KD_STORE) | K22: =SUMIF(KD_CLUSTER,K$4,KD_STORE)
A23: K.17 | B23: Environments with Example inputs | C23: count | E23: - | F23: =SUMPRODUCT((KD_CLUSTER=F$4)*(KD_STATUS="Example")) | G23: =SUMPRODUCT((KD_CLUSTER=G$4)*(KD_STATUS="Example")) | H23: =SUMPRODUCT((KD_CLUSTER=H$4)*(KD_STATUS="Example")) | I23: =SUMPRODUCT((KD_CLUSTER=I$4)*(KD_STATUS="Example")) | J23: =SUMPRODUCT((KD_CLUSTER=J$4)*(KD_STATUS="Example")) | K23: =SUMPRODUCT((KD_CLUSTER=K$4)*(KD_STATUS="Example"))
A24: K.18 | B24: Environments without an input status | C24: count | E24: - | F24: =SUMPRODUCT((KD_CLUSTER=F$4)*(KD_STATUS="")) | G24: =SUMPRODUCT((KD_CLUSTER=G$4)*(KD_STATUS="")) | H24: =SUMPRODUCT((KD_CLUSTER=H$4)*(KD_STATUS="")) | I24: =SUMPRODUCT((KD_CLUSTER=I$4)*(KD_STATUS="")) | J24: =SUMPRODUCT((KD_CLUSTER=J$4)*(KD_STATUS="")) | K24: =SUMPRODUCT((KD_CLUSTER=K$4)*(KD_STATUS=""))
A25: K.19 | B25: Environments without a connections figure | C25: count | E25: - | F25: =SUMPRODUCT((KD_CLUSTER=F$4)*(KD_CONN="")) | G25: =SUMPRODUCT((KD_CLUSTER=G$4)*(KD_CONN="")) | H25: =SUMPRODUCT((KD_CLUSTER=H$4)*(KD_CONN="")) | I25: =SUMPRODUCT((KD_CLUSTER=I$4)*(KD_CONN="")) | J25: =SUMPRODUCT((KD_CLUSTER=J$4)*(KD_CONN="")) | K25: =SUMPRODUCT((KD_CLUSTER=K$4)*(KD_CONN=""))
A26: K.20 | B26: Environments without a requests figure | C26: count | E26: - | F26: =SUMPRODUCT((KD_CLUSTER=F$4)*(KD_REQ="")) | G26: =SUMPRODUCT((KD_CLUSTER=G$4)*(KD_REQ="")) | H26: =SUMPRODUCT((KD_CLUSTER=H$4)*(KD_REQ="")) | I26: =SUMPRODUCT((KD_CLUSTER=I$4)*(KD_REQ="")) | J26: =SUMPRODUCT((KD_CLUSTER=J$4)*(KD_REQ="")) | K26: =SUMPRODUCT((KD_CLUSTER=K$4)*(KD_REQ=""))
A27: C. Planning allowance
A28: K.21 | B28: Growth allowance | C28: % | D28: From the Kafka Clusters sheet. | E28: W | F28: =IF('2 Kafka Clusters'!F16="",0,'2 Kafka Clusters'!F16) | G28: =IF('2 Kafka Clusters'!G16="",0,'2 Kafka Clusters'!G16) | H28: =IF('2 Kafka Clusters'!H16="",0,'2 Kafka Clusters'!H16) | I28: =IF('2 Kafka Clusters'!I16="",0,'2 Kafka Clusters'!I16) | J28: =IF('2 Kafka Clusters'!J16="",0,'2 Kafka Clusters'!J16) | K28: =IF('2 Kafka Clusters'!K16="",0,'2 Kafka Clusters'!K16)
A29: K.22 | B29: Target maximum utilisation | C29: % | D29: From the Kafka Clusters sheet. 70 % matches Pega's CPU action point. | E29: P5 | F29: =IF('2 Kafka Clusters'!F17="",P_CPU_ACT,'2 Kafka Clusters'!F17) | G29: =IF('2 Kafka Clusters'!G17="",P_CPU_ACT,'2 Kafka Clusters'!G17) | H29: =IF('2 Kafka Clusters'!H17="",P_CPU_ACT,'2 Kafka Clusters'!H17) | I29: =IF('2 Kafka Clusters'!I17="",P_CPU_ACT,'2 Kafka Clusters'!I17) | J29: =IF('2 Kafka Clusters'!J17="",P_CPU_ACT,'2 Kafka Clusters'!J17) | K29: =IF('2 Kafka Clusters'!K17="",P_CPU_ACT,'2 Kafka Clusters'!K17)
A30: K.23 | B30: Planning factor | C30: x | D30: (1 + growth) / target utilisation. | E30: W | F30: =IF(F29>0,(1+F28)/F29,0) | G30: =IF(G29>0,(1+G28)/G29,0) | H30: =IF(H29>0,(1+H28)/H29,0) | I30: =IF(I29>0,(1+I28)/I29,0) | J30: =IF(J29>0,(1+J28)/J29,0) | K30: =IF(K29>0,(1+K28)/K29,0)
A31: K.24 | B31: Planned leader partitions | C31: count | D31: Leader partitions x planning factor, rounded up. | E31: W | F31: =ROUNDUP(F13*F30,0) | G31: =ROUNDUP(G13*G30,0) | H31: =ROUNDUP(H13*H30,0) | I31: =ROUNDUP(I13*I30,0) | J31: =ROUNDUP(J13*J30,0) | K31: =ROUNDUP(K13*K30,0)
A32: K.25 | B32: Planned compacted partitions | C32: count | D32: Compacted partitions x planning factor, rounded up. | E32: W | F32: =ROUNDUP(F14*F30,0) | G32: =ROUNDUP(G14*G30,0) | H32: =ROUNDUP(H14*H30,0) | I32: =ROUNDUP(I14*I30,0) | J32: =ROUNDUP(J14*J30,0) | K32: =ROUNDUP(K14*K30,0)
A33: K.26 | B33: Planned ingress | C33: MBps | D33: Peak write x planning factor. | E33: W | F33: =F15*F30 | G33: =G15*G30 | H33: =H15*H30 | I33: =I15*I30 | J33: =J15*J30 | K33: =K15*K30
A34: K.27 | B34: Planned egress | C34: MBps | D34: Peak read x planning factor. | E34: W | F34: =F16*F30 | G34: =G16*G30 | H34: =H16*H30 | I34: =I16*I30 | J34: =J16*J30 | K34: =K16*K30
A35: K.28 | B35: Planned client connections | C35: count | D35: Connections x planning factor, rounded up. | E35: W | F35: =ROUNDUP(F17*F30,0) | G35: =ROUNDUP(G17*G30,0) | H35: =ROUNDUP(H17*H30,0) | I35: =ROUNDUP(I17*I30,0) | J35: =ROUNDUP(J17*J30,0) | K35: =ROUNDUP(K17*K30,0)
A36: K.29 | B36: Planned requests per second | C36: req/s | D36: Requests x planning factor, rounded up. | E36: W | F36: =ROUNDUP(F18*F30,0) | G36: =ROUNDUP(G18*G30,0) | H36: =ROUNDUP(H18*H30,0) | I36: =ROUNDUP(I18*I30,0) | J36: =ROUNDUP(J18*J30,0) | K36: =ROUNDUP(K18*K30,0)
A37: D. Requirements from the Kafka Clusters sheet
A38: K.30 | B38: Required SLA | C38: % | D38: Converted from the list choice. | E38: C1 | F38: =IFERROR(VALUE(SUBSTITUTE('2 Kafka Clusters'!F9,"%",""))/100,0) | G38: =IFERROR(VALUE(SUBSTITUTE('2 Kafka Clusters'!G9,"%",""))/100,0) | H38: =IFERROR(VALUE(SUBSTITUTE('2 Kafka Clusters'!H9,"%",""))/100,0) | I38: =IFERROR(VALUE(SUBSTITUTE('2 Kafka Clusters'!I9,"%",""))/100,0) | J38: =IFERROR(VALUE(SUBSTITUTE('2 Kafka Clusters'!J9,"%",""))/100,0) | K38: =IFERROR(VALUE(SUBSTITUTE('2 Kafka Clusters'!K9,"%",""))/100,0)
A39: K.31 | B39: Private networking | C39: Yes/No | E39: C1 | F39: =IF('2 Kafka Clusters'!F10="","No",'2 Kafka Clusters'!F10) | G39: =IF('2 Kafka Clusters'!G10="","No",'2 Kafka Clusters'!G10) | H39: =IF('2 Kafka Clusters'!H10="","No",'2 Kafka Clusters'!H10) | I39: =IF('2 Kafka Clusters'!I10="","No",'2 Kafka Clusters'!I10) | J39: =IF('2 Kafka Clusters'!J10="","No",'2 Kafka Clusters'!J10) | K39: =IF('2 Kafka Clusters'!K10="","No",'2 Kafka Clusters'!K10)
A40: K.32 | B40: Self-managed keys | C40: Yes/No | E40: C4 | F40: =IF('2 Kafka Clusters'!F11="","No",'2 Kafka Clusters'!F11) | G40: =IF('2 Kafka Clusters'!G11="","No",'2 Kafka Clusters'!G11) | H40: =IF('2 Kafka Clusters'!H11="","No",'2 Kafka Clusters'!H11) | I40: =IF('2 Kafka Clusters'!I11="","No",'2 Kafka Clusters'!I11) | J40: =IF('2 Kafka Clusters'!J11="","No",'2 Kafka Clusters'!J11) | K40: =IF('2 Kafka Clusters'!K11="","No",'2 Kafka Clusters'!K11)
A41: K.33 | B41: Multi-zone (Dedicated) | C41: Yes/No | E41: C1 | F41: =IF('2 Kafka Clusters'!F12="","Yes",'2 Kafka Clusters'!F12) | G41: =IF('2 Kafka Clusters'!G12="","Yes",'2 Kafka Clusters'!G12) | H41: =IF('2 Kafka Clusters'!H12="","Yes",'2 Kafka Clusters'!H12) | I41: =IF('2 Kafka Clusters'!I12="","Yes",'2 Kafka Clusters'!I12) | J41: =IF('2 Kafka Clusters'!J12="","Yes",'2 Kafka Clusters'!J12) | K41: =IF('2 Kafka Clusters'!K12="","Yes",'2 Kafka Clusters'!K12)
A42: K.34 | B42: Preferred type | C42: list | E42: - | F42: =IF('2 Kafka Clusters'!F13="","Auto",'2 Kafka Clusters'!F13) | G42: =IF('2 Kafka Clusters'!G13="","Auto",'2 Kafka Clusters'!G13) | H42: =IF('2 Kafka Clusters'!H13="","Auto",'2 Kafka Clusters'!H13) | I42: =IF('2 Kafka Clusters'!I13="","Auto",'2 Kafka Clusters'!I13) | J42: =IF('2 Kafka Clusters'!J13="","Auto",'2 Kafka Clusters'!J13) | K42: =IF('2 Kafka Clusters'!K13="","Auto",'2 Kafka Clusters'!K13)
A43: K.35 | B43: Billing method | C43: list | E43: C1 | F43: =IF('2 Kafka Clusters'!F14="","Invoice",'2 Kafka Clusters'!F14) | G43: =IF('2 Kafka Clusters'!G14="","Invoice",'2 Kafka Clusters'!G14) | H43: =IF('2 Kafka Clusters'!H14="","Invoice",'2 Kafka Clusters'!H14) | I43: =IF('2 Kafka Clusters'!I14="","Invoice",'2 Kafka Clusters'!I14) | J43: =IF('2 Kafka Clusters'!J14="","Invoice",'2 Kafka Clusters'!J14) | K43: =IF('2 Kafka Clusters'!K14="","Invoice",'2 Kafka Clusters'!K14)
A44: E. Units each cluster type would need (per-unit limits are on Ref_Data)
A45: K.36 | B45: Basic: eligible | C45: Yes/No | D45: Only for a 99.5 % SLA, public networking and no self-managed keys. | E45: C1, C4 | F45: =IF(AND(F38<=0.995,F39<>"Yes",F40<>"Yes"),"Yes","No") | G45: =IF(AND(G38<=0.995,G39<>"Yes",G40<>"Yes"),"Yes","No") | H45: =IF(AND(H38<=0.995,H39<>"Yes",H40<>"Yes"),"Yes","No") | I45: =IF(AND(I38<=0.995,I39<>"Yes",I40<>"Yes"),"Yes","No") | J45: =IF(AND(J38<=0.995,J39<>"Yes",J40<>"Yes"),"Yes","No") | K45: =IF(AND(K38<=0.995,K39<>"Yes",K40<>"Yes"),"Yes","No")
A46: K.37 | B46: Basic: SLA minimum units | C46: units | D46: 1 eCKU. | E46: C1 | F46: =1 | G46: =1 | H46: =1 | I46: =1 | J46: =1 | K46: =1
A47: K.38 | B47: Basic: units needed | C47: units | D47: Largest of: each planned dimension / the per-unit limit, rounded up, and the SLA minimum. | E47: C1 | F47: =IF(F6=0,0,MAX(ROUNDUP(F33/INDEX(CF_IN,1),0),ROUNDUP(F34/INDEX(CF_OUT,1),0),ROUNDUP(F31/INDEX(CF_PART,1),0),ROUNDUP(F32/INDEX(CF_COMPACT,1),0),ROUNDUP(F35/INDEX(CF_CONN,1),0),ROUNDUP(F36/INDEX(CF_REQ,1),0),F46)) | G47: =IF(G6=0,0,MAX(ROUNDUP(G33/INDEX(CF_IN,1),0),ROUNDUP(G34/INDEX(CF_OUT,1),0),ROUNDUP(G31/INDEX(CF_PART,1),0),ROUNDUP(G32/INDEX(CF_COMPACT,1),0),ROUNDUP(G35/INDEX(CF_CONN,1),0),ROUNDUP(G36/INDEX(CF_REQ,1),0),G46)) | H47: =IF(H6=0,0,MAX(ROUNDUP(H33/INDEX(CF_IN,1),0),ROUNDUP(H34/INDEX(CF_OUT,1),0),ROUNDUP(H31/INDEX(CF_PART,1),0),ROUNDUP(H32/INDEX(CF_COMPACT,1),0),ROUNDUP(H35/INDEX(CF_CONN,1),0),ROUNDUP(H36/INDEX(CF_REQ,1),0),H46)) | I47: =IF(I6=0,0,MAX(ROUNDUP(I33/INDEX(CF_IN,1),0),ROUNDUP(I34/INDEX(CF_OUT,1),0),ROUNDUP(I31/INDEX(CF_PART,1),0),ROUNDUP(I32/INDEX(CF_COMPACT,1),0),ROUNDUP(I35/INDEX(CF_CONN,1),0),ROUNDUP(I36/INDEX(CF_REQ,1),0),I46)) | J47: =IF(J6=0,0,MAX(ROUNDUP(J33/INDEX(CF_IN,1),0),ROUNDUP(J34/INDEX(CF_OUT,1),0),ROUNDUP(J31/INDEX(CF_PART,1),0),ROUNDUP(J32/INDEX(CF_COMPACT,1),0),ROUNDUP(J35/INDEX(CF_CONN,1),0),ROUNDUP(J36/INDEX(CF_REQ,1),0),J46)) | K47: =IF(K6=0,0,MAX(ROUNDUP(K33/INDEX(CF_IN,1),0),ROUNDUP(K34/INDEX(CF_OUT,1),0),ROUNDUP(K31/INDEX(CF_PART,1),0),ROUNDUP(K32/INDEX(CF_COMPACT,1),0),ROUNDUP(K35/INDEX(CF_CONN,1),0),ROUNDUP(K36/INDEX(CF_REQ,1),0),K46))
A48: K.39 | B48: Basic: maximum units | C48: units | D48: Cluster maximum for the type. | E48: C1 | F48: =INDEX(CF_MAXU,1) | G48: =INDEX(CF_MAXU,1) | H48: =INDEX(CF_MAXU,1) | I48: =INDEX(CF_MAXU,1) | J48: =INDEX(CF_MAXU,1) | K48: =INDEX(CF_MAXU,1)
A49: K.40 | B49: Basic: fits within maximum | C49: Yes/No | E49: C1 | F49: =IF(F47<=F48,"Yes","No") | G49: =IF(G47<=G48,"Yes","No") | H49: =IF(H47<=H48,"Yes","No") | I49: =IF(I47<=I48,"Yes","No") | J49: =IF(J47<=J48,"Yes","No") | K49: =IF(K47<=K48,"Yes","No")
A50: K.41 | B50: Standard: eligible | C50: Yes/No | D50: Public networking only; no self-managed keys on Azure. | E50: C1, C4 | F50: =IF(AND(F38<=0.9999,F39<>"Yes",F40<>"Yes"),"Yes","No") | G50: =IF(AND(G38<=0.9999,G39<>"Yes",G40<>"Yes"),"Yes","No") | H50: =IF(AND(H38<=0.9999,H39<>"Yes",H40<>"Yes"),"Yes","No") | I50: =IF(AND(I38<=0.9999,I39<>"Yes",I40<>"Yes"),"Yes","No") | J50: =IF(AND(J38<=0.9999,J39<>"Yes",J40<>"Yes"),"Yes","No") | K50: =IF(AND(K38<=0.9999,K39<>"Yes",K40<>"Yes"),"Yes","No")
A51: K.42 | B51: Standard: SLA minimum units | C51: units | D51: 2 eCKU for 99.99 %, otherwise 1. | E51: C1 | F51: =IF(F38>0.999,2,1) | G51: =IF(G38>0.999,2,1) | H51: =IF(H38>0.999,2,1) | I51: =IF(I38>0.999,2,1) | J51: =IF(J38>0.999,2,1) | K51: =IF(K38>0.999,2,1)
A52: K.43 | B52: Standard: units needed | C52: units | D52: Largest of: each planned dimension / the per-unit limit, rounded up, and the SLA minimum. | E52: C1 | F52: =IF(F6=0,0,MAX(ROUNDUP(F33/INDEX(CF_IN,2),0),ROUNDUP(F34/INDEX(CF_OUT,2),0),ROUNDUP(F31/INDEX(CF_PART,2),0),ROUNDUP(F32/INDEX(CF_COMPACT,2),0),ROUNDUP(F35/INDEX(CF_CONN,2),0),ROUNDUP(F36/INDEX(CF_REQ,2),0),F51)) | G52: =IF(G6=0,0,MAX(ROUNDUP(G33/INDEX(CF_IN,2),0),ROUNDUP(G34/INDEX(CF_OUT,2),0),ROUNDUP(G31/INDEX(CF_PART,2),0),ROUNDUP(G32/INDEX(CF_COMPACT,2),0),ROUNDUP(G35/INDEX(CF_CONN,2),0),ROUNDUP(G36/INDEX(CF_REQ,2),0),G51)) | H52: =IF(H6=0,0,MAX(ROUNDUP(H33/INDEX(CF_IN,2),0),ROUNDUP(H34/INDEX(CF_OUT,2),0),ROUNDUP(H31/INDEX(CF_PART,2),0),ROUNDUP(H32/INDEX(CF_COMPACT,2),0),ROUNDUP(H35/INDEX(CF_CONN,2),0),ROUNDUP(H36/INDEX(CF_REQ,2),0),H51)) | I52: =IF(I6=0,0,MAX(ROUNDUP(I33/INDEX(CF_IN,2),0),ROUNDUP(I34/INDEX(CF_OUT,2),0),ROUNDUP(I31/INDEX(CF_PART,2),0),ROUNDUP(I32/INDEX(CF_COMPACT,2),0),ROUNDUP(I35/INDEX(CF_CONN,2),0),ROUNDUP(I36/INDEX(CF_REQ,2),0),I51)) | J52: =IF(J6=0,0,MAX(ROUNDUP(J33/INDEX(CF_IN,2),0),ROUNDUP(J34/INDEX(CF_OUT,2),0),ROUNDUP(J31/INDEX(CF_PART,2),0),ROUNDUP(J32/INDEX(CF_COMPACT,2),0),ROUNDUP(J35/INDEX(CF_CONN,2),0),ROUNDUP(J36/INDEX(CF_REQ,2),0),J51)) | K52: =IF(K6=0,0,MAX(ROUNDUP(K33/INDEX(CF_IN,2),0),ROUNDUP(K34/INDEX(CF_OUT,2),0),ROUNDUP(K31/INDEX(CF_PART,2),0),ROUNDUP(K32/INDEX(CF_COMPACT,2),0),ROUNDUP(K35/INDEX(CF_CONN,2),0),ROUNDUP(K36/INDEX(CF_REQ,2),0),K51))
A53: K.44 | B53: Standard: maximum units | C53: units | D53: Cluster maximum for the type. | E53: C1 | F53: =INDEX(CF_MAXU,2) | G53: =INDEX(CF_MAXU,2) | H53: =INDEX(CF_MAXU,2) | I53: =INDEX(CF_MAXU,2) | J53: =INDEX(CF_MAXU,2) | K53: =INDEX(CF_MAXU,2)
A54: K.45 | B54: Standard: fits within maximum | C54: Yes/No | E54: C1 | F54: =IF(F52<=F53,"Yes","No") | G54: =IF(G52<=G53,"Yes","No") | H54: =IF(H52<=H53,"Yes","No") | I54: =IF(I52<=I53,"Yes","No") | J54: =IF(J52<=J53,"Yes","No") | K54: =IF(K52<=K53,"Yes","No")
A55: K.46 | B55: Enterprise: eligible | C55: Yes/No | D55: Public or private networking; self-managed keys available on Azure. | E55: C1, C4 | F55: =IF(F38<=0.9999,"Yes","No") | G55: =IF(G38<=0.9999,"Yes","No") | H55: =IF(H38<=0.9999,"Yes","No") | I55: =IF(I38<=0.9999,"Yes","No") | J55: =IF(J38<=0.9999,"Yes","No") | K55: =IF(K38<=0.9999,"Yes","No")
A56: K.47 | B56: Enterprise: SLA minimum units | C56: units | D56: 2 eCKU for 99.99 %, otherwise 1. | E56: C1 | F56: =IF(F38>0.999,2,1) | G56: =IF(G38>0.999,2,1) | H56: =IF(H38>0.999,2,1) | I56: =IF(I38>0.999,2,1) | J56: =IF(J38>0.999,2,1) | K56: =IF(K38>0.999,2,1)
A57: K.48 | B57: Enterprise: units needed | C57: units | D57: Largest of: each planned dimension / the per-unit limit, rounded up, and the SLA minimum. | E57: C1 | F57: =IF(F6=0,0,MAX(ROUNDUP(F33/INDEX(CF_IN,3),0),ROUNDUP(F34/INDEX(CF_OUT,3),0),ROUNDUP(F31/INDEX(CF_PART,3),0),ROUNDUP(F32/INDEX(CF_COMPACT,3),0),ROUNDUP(F35/INDEX(CF_CONN,3),0),ROUNDUP(F36/INDEX(CF_REQ,3),0),F56)) | G57: =IF(G6=0,0,MAX(ROUNDUP(G33/INDEX(CF_IN,3),0),ROUNDUP(G34/INDEX(CF_OUT,3),0),ROUNDUP(G31/INDEX(CF_PART,3),0),ROUNDUP(G32/INDEX(CF_COMPACT,3),0),ROUNDUP(G35/INDEX(CF_CONN,3),0),ROUNDUP(G36/INDEX(CF_REQ,3),0),G56)) | H57: =IF(H6=0,0,MAX(ROUNDUP(H33/INDEX(CF_IN,3),0),ROUNDUP(H34/INDEX(CF_OUT,3),0),ROUNDUP(H31/INDEX(CF_PART,3),0),ROUNDUP(H32/INDEX(CF_COMPACT,3),0),ROUNDUP(H35/INDEX(CF_CONN,3),0),ROUNDUP(H36/INDEX(CF_REQ,3),0),H56)) | I57: =IF(I6=0,0,MAX(ROUNDUP(I33/INDEX(CF_IN,3),0),ROUNDUP(I34/INDEX(CF_OUT,3),0),ROUNDUP(I31/INDEX(CF_PART,3),0),ROUNDUP(I32/INDEX(CF_COMPACT,3),0),ROUNDUP(I35/INDEX(CF_CONN,3),0),ROUNDUP(I36/INDEX(CF_REQ,3),0),I56)) | J57: =IF(J6=0,0,MAX(ROUNDUP(J33/INDEX(CF_IN,3),0),ROUNDUP(J34/INDEX(CF_OUT,3),0),ROUNDUP(J31/INDEX(CF_PART,3),0),ROUNDUP(J32/INDEX(CF_COMPACT,3),0),ROUNDUP(J35/INDEX(CF_CONN,3),0),ROUNDUP(J36/INDEX(CF_REQ,3),0),J56)) | K57: =IF(K6=0,0,MAX(ROUNDUP(K33/INDEX(CF_IN,3),0),ROUNDUP(K34/INDEX(CF_OUT,3),0),ROUNDUP(K31/INDEX(CF_PART,3),0),ROUNDUP(K32/INDEX(CF_COMPACT,3),0),ROUNDUP(K35/INDEX(CF_CONN,3),0),ROUNDUP(K36/INDEX(CF_REQ,3),0),K56))
A58: K.49 | B58: Enterprise: maximum units | C58: units | D58: Cluster maximum for the type. | E58: C1 | F58: =INDEX(CF_MAXU,3) | G58: =INDEX(CF_MAXU,3) | H58: =INDEX(CF_MAXU,3) | I58: =INDEX(CF_MAXU,3) | J58: =INDEX(CF_MAXU,3) | K58: =INDEX(CF_MAXU,3)
A59: K.50 | B59: Enterprise: fits within maximum | C59: Yes/No | E59: C1 | F59: =IF(F57<=F58,"Yes","No") | G59: =IF(G57<=G58,"Yes","No") | H59: =IF(H57<=H58,"Yes","No") | I59: =IF(I57<=I58,"Yes","No") | J59: =IF(J57<=J58,"Yes","No") | K59: =IF(K57<=K58,"Yes","No")
A60: K.51 | B60: Dedicated: eligible | C60: Yes/No | D60: Public or private networking; self-managed keys available on Azure. | E60: C1, C4 | F60: =IF(F38<=0.9999,"Yes","No") | G60: =IF(G38<=0.9999,"Yes","No") | H60: =IF(H38<=0.9999,"Yes","No") | I60: =IF(I38<=0.9999,"Yes","No") | J60: =IF(J38<=0.9999,"Yes","No") | K60: =IF(K38<=0.9999,"Yes","No")
A61: K.52 | B61: Dedicated: SLA minimum units | C61: units | D61: 2 CKU for 99.99 % or multi-zone, otherwise 1. | E61: C1 | F61: =IF(OR(F38>0.9995,F41="Yes"),2,1) | G61: =IF(OR(G38>0.9995,G41="Yes"),2,1) | H61: =IF(OR(H38>0.9995,H41="Yes"),2,1) | I61: =IF(OR(I38>0.9995,I41="Yes"),2,1) | J61: =IF(OR(J38>0.9995,J41="Yes"),2,1) | K61: =IF(OR(K38>0.9995,K41="Yes"),2,1)
A62: K.53 | B62: Dedicated: units needed | C62: units | D62: Largest of: each planned dimension / the per-unit limit, rounded up, and the SLA minimum. | E62: C1 | F62: =IF(F6=0,0,MAX(ROUNDUP(F33/INDEX(CF_IN,4),0),ROUNDUP(F34/INDEX(CF_OUT,4),0),ROUNDUP(F31/INDEX(CF_PART,4),0),ROUNDUP(F32/INDEX(CF_COMPACT,4),0),ROUNDUP(F35/INDEX(CF_CONN,4),0),ROUNDUP(F36/INDEX(CF_REQ,4),0),F61)) | G62: =IF(G6=0,0,MAX(ROUNDUP(G33/INDEX(CF_IN,4),0),ROUNDUP(G34/INDEX(CF_OUT,4),0),ROUNDUP(G31/INDEX(CF_PART,4),0),ROUNDUP(G32/INDEX(CF_COMPACT,4),0),ROUNDUP(G35/INDEX(CF_CONN,4),0),ROUNDUP(G36/INDEX(CF_REQ,4),0),G61)) | H62: =IF(H6=0,0,MAX(ROUNDUP(H33/INDEX(CF_IN,4),0),ROUNDUP(H34/INDEX(CF_OUT,4),0),ROUNDUP(H31/INDEX(CF_PART,4),0),ROUNDUP(H32/INDEX(CF_COMPACT,4),0),ROUNDUP(H35/INDEX(CF_CONN,4),0),ROUNDUP(H36/INDEX(CF_REQ,4),0),H61)) | I62: =IF(I6=0,0,MAX(ROUNDUP(I33/INDEX(CF_IN,4),0),ROUNDUP(I34/INDEX(CF_OUT,4),0),ROUNDUP(I31/INDEX(CF_PART,4),0),ROUNDUP(I32/INDEX(CF_COMPACT,4),0),ROUNDUP(I35/INDEX(CF_CONN,4),0),ROUNDUP(I36/INDEX(CF_REQ,4),0),I61)) | J62: =IF(J6=0,0,MAX(ROUNDUP(J33/INDEX(CF_IN,4),0),ROUNDUP(J34/INDEX(CF_OUT,4),0),ROUNDUP(J31/INDEX(CF_PART,4),0),ROUNDUP(J32/INDEX(CF_COMPACT,4),0),ROUNDUP(J35/INDEX(CF_CONN,4),0),ROUNDUP(J36/INDEX(CF_REQ,4),0),J61)) | K62: =IF(K6=0,0,MAX(ROUNDUP(K33/INDEX(CF_IN,4),0),ROUNDUP(K34/INDEX(CF_OUT,4),0),ROUNDUP(K31/INDEX(CF_PART,4),0),ROUNDUP(K32/INDEX(CF_COMPACT,4),0),ROUNDUP(K35/INDEX(CF_CONN,4),0),ROUNDUP(K36/INDEX(CF_REQ,4),0),K61))
A63: K.54 | B63: Dedicated: maximum units | C63: units | D63: Purchase limit: 4 CKU with credit card, 24 with invoice. | E63: C1 | F63: =IF(F43="Credit card",CF_DED_CARD,CF_DED_INVOICE) | G63: =IF(G43="Credit card",CF_DED_CARD,CF_DED_INVOICE) | H63: =IF(H43="Credit card",CF_DED_CARD,CF_DED_INVOICE) | I63: =IF(I43="Credit card",CF_DED_CARD,CF_DED_INVOICE) | J63: =IF(J43="Credit card",CF_DED_CARD,CF_DED_INVOICE) | K63: =IF(K43="Credit card",CF_DED_CARD,CF_DED_INVOICE)
A64: K.55 | B64: Dedicated: fits within maximum | C64: Yes/No | E64: C1 | F64: =IF(F62<=F63,"Yes","No") | G64: =IF(G62<=G63,"Yes","No") | H64: =IF(H62<=H63,"Yes","No") | I64: =IF(I62<=I63,"Yes","No") | J64: =IF(J62<=J63,"Yes","No") | K64: =IF(K62<=K63,"Yes","No")
A65: F. Recommended Confluent Cloud cluster
A66: K.56 | B66: Type chosen by the workbook rule | C66: text | D66: First type, in the order Basic, Standard, Enterprise, Dedicated, that is eligible and fits within its maximum (W). The order follows Confluent's 'best for' guidance for each type. | E66: C1, W | F66: =IF(F6=0,"Not used",IF(AND(F45="Yes",F49="Yes"),"Basic",IF(AND(F50="Yes",F54="Yes"),"Standard",IF(AND(F55="Yes",F59="Yes"),"Enterprise","Dedicated")))) | G66: =IF(G6=0,"Not used",IF(AND(G45="Yes",G49="Yes"),"Basic",IF(AND(G50="Yes",G54="Yes"),"Standard",IF(AND(G55="Yes",G59="Yes"),"Enterprise","Dedicated")))) | H66: =IF(H6=0,"Not used",IF(AND(H45="Yes",H49="Yes"),"Basic",IF(AND(H50="Yes",H54="Yes"),"Standard",IF(AND(H55="Yes",H59="Yes"),"Enterprise","Dedicated")))) | I66: =IF(I6=0,"Not used",IF(AND(I45="Yes",I49="Yes"),"Basic",IF(AND(I50="Yes",I54="Yes"),"Standard",IF(AND(I55="Yes",I59="Yes"),"Enterprise","Dedicated")))) | J66: =IF(J6=0,"Not used",IF(AND(J45="Yes",J49="Yes"),"Basic",IF(AND(J50="Yes",J54="Yes"),"Standard",IF(AND(J55="Yes",J59="Yes"),"Enterprise","Dedicated")))) | K66: =IF(K6=0,"Not used",IF(AND(K45="Yes",K49="Yes"),"Basic",IF(AND(K50="Yes",K54="Yes"),"Standard",IF(AND(K55="Yes",K59="Yes"),"Enterprise","Dedicated"))))
A67: K.57 | B67: Recommended cluster type | C67: text | D67: The preferred type if one is set, otherwise the rule above. | E67: C1 | F67: =IF(F6=0,"Not used",IF(F42="Auto",F66,F42)) | G67: =IF(G6=0,"Not used",IF(G42="Auto",G66,G42)) | H67: =IF(H6=0,"Not used",IF(H42="Auto",H66,H42)) | I67: =IF(I6=0,"Not used",IF(I42="Auto",I66,I42)) | J67: =IF(J6=0,"Not used",IF(J42="Auto",J66,J42)) | K67: =IF(K6=0,"Not used",IF(K42="Auto",K66,K42))
A68: K.58 | B68: Type position (1 Basic to 4 Dedicated) | C68: 1-4 | E68: - | F68: =IFERROR(MATCH(F67,CF_TYPES,0),0) | G68: =IFERROR(MATCH(G67,CF_TYPES,0),0) | H68: =IFERROR(MATCH(H67,CF_TYPES,0),0) | I68: =IFERROR(MATCH(I67,CF_TYPES,0),0) | J68: =IFERROR(MATCH(J67,CF_TYPES,0),0) | K68: =IFERROR(MATCH(K67,CF_TYPES,0),0)
A69: K.59 | B69: Capacity unit | C69: text | D69: eCKU for elastic types; CKU for Dedicated. | E69: C1 | F69: =IF(F68=0,"-",IF(F67="Dedicated","CKU","eCKU")) | G69: =IF(G68=0,"-",IF(G67="Dedicated","CKU","eCKU")) | H69: =IF(H68=0,"-",IF(H67="Dedicated","CKU","eCKU")) | I69: =IF(I68=0,"-",IF(I67="Dedicated","CKU","eCKU")) | J69: =IF(J68=0,"-",IF(J67="Dedicated","CKU","eCKU")) | K69: =IF(K68=0,"-",IF(K67="Dedicated","CKU","eCKU"))
A70: K.60 | B70: Recommended units | C70: units | D70: Units needed for the recommended type. | E70: C1 | F70: =IF(F68=0,0,CHOOSE(F68,F47,F52,F57,F62)) | G70: =IF(G68=0,0,CHOOSE(G68,G47,G52,G57,G62)) | H70: =IF(H68=0,0,CHOOSE(H68,H47,H52,H57,H62)) | I70: =IF(I68=0,0,CHOOSE(I68,I47,I52,I57,I62)) | J70: =IF(J68=0,0,CHOOSE(J68,J47,J52,J57,J62)) | K70: =IF(K68=0,0,CHOOSE(K68,K47,K52,K57,K62))
A71: K.61 | B71: Maximum units for the type | C71: units | E71: C1 | F71: =IF(F68=0,0,CHOOSE(F68,F48,F53,F58,F63)) | G71: =IF(G68=0,0,CHOOSE(G68,G48,G53,G58,G63)) | H71: =IF(H68=0,0,CHOOSE(H68,H48,H53,H58,H63)) | I71: =IF(I68=0,0,CHOOSE(I68,I48,I53,I58,I63)) | J71: =IF(J68=0,0,CHOOSE(J68,J48,J53,J58,J63)) | K71: =IF(K68=0,0,CHOOSE(K68,K48,K53,K58,K63))
A72: K.62 | B72: Units for partitions | C72: units | D72: Planned leader partitions / partitions per unit. | E72: C1 | F72: =IF(F68=0,0,ROUNDUP(F31/INDEX(CF_PART,F68),0)) | G72: =IF(G68=0,0,ROUNDUP(G31/INDEX(CF_PART,G68),0)) | H72: =IF(H68=0,0,ROUNDUP(H31/INDEX(CF_PART,H68),0)) | I72: =IF(I68=0,0,ROUNDUP(I31/INDEX(CF_PART,I68),0)) | J72: =IF(J68=0,0,ROUNDUP(J31/INDEX(CF_PART,J68),0)) | K72: =IF(K68=0,0,ROUNDUP(K31/INDEX(CF_PART,K68),0))
A73: K.63 | B73: Units for ingress | C73: units | D73: Planned ingress / ingress per unit. | E73: C1 | F73: =IF(F68=0,0,ROUNDUP(F33/INDEX(CF_IN,F68),0)) | G73: =IF(G68=0,0,ROUNDUP(G33/INDEX(CF_IN,G68),0)) | H73: =IF(H68=0,0,ROUNDUP(H33/INDEX(CF_IN,H68),0)) | I73: =IF(I68=0,0,ROUNDUP(I33/INDEX(CF_IN,I68),0)) | J73: =IF(J68=0,0,ROUNDUP(J33/INDEX(CF_IN,J68),0)) | K73: =IF(K68=0,0,ROUNDUP(K33/INDEX(CF_IN,K68),0))
A74: K.64 | B74: Units for egress | C74: units | D74: Planned egress / egress per unit. | E74: C1 | F74: =IF(F68=0,0,ROUNDUP(F34/INDEX(CF_OUT,F68),0)) | G74: =IF(G68=0,0,ROUNDUP(G34/INDEX(CF_OUT,G68),0)) | H74: =IF(H68=0,0,ROUNDUP(H34/INDEX(CF_OUT,H68),0)) | I74: =IF(I68=0,0,ROUNDUP(I34/INDEX(CF_OUT,I68),0)) | J74: =IF(J68=0,0,ROUNDUP(J34/INDEX(CF_OUT,J68),0)) | K74: =IF(K68=0,0,ROUNDUP(K34/INDEX(CF_OUT,K68),0))
A75: K.65 | B75: Units for compacted partitions | C75: units | E75: C1 | F75: =IF(F68=0,0,ROUNDUP(F32/INDEX(CF_COMPACT,F68),0)) | G75: =IF(G68=0,0,ROUNDUP(G32/INDEX(CF_COMPACT,G68),0)) | H75: =IF(H68=0,0,ROUNDUP(H32/INDEX(CF_COMPACT,H68),0)) | I75: =IF(I68=0,0,ROUNDUP(I32/INDEX(CF_COMPACT,I68),0)) | J75: =IF(J68=0,0,ROUNDUP(J32/INDEX(CF_COMPACT,J68),0)) | K75: =IF(K68=0,0,ROUNDUP(K32/INDEX(CF_COMPACT,K68),0))
A76: K.66 | B76: Units for client connections | C76: units | E76: C1 | F76: =IF(F68=0,0,ROUNDUP(F35/INDEX(CF_CONN,F68),0)) | G76: =IF(G68=0,0,ROUNDUP(G35/INDEX(CF_CONN,G68),0)) | H76: =IF(H68=0,0,ROUNDUP(H35/INDEX(CF_CONN,H68),0)) | I76: =IF(I68=0,0,ROUNDUP(I35/INDEX(CF_CONN,I68),0)) | J76: =IF(J68=0,0,ROUNDUP(J35/INDEX(CF_CONN,J68),0)) | K76: =IF(K68=0,0,ROUNDUP(K35/INDEX(CF_CONN,K68),0))
A77: K.67 | B77: Units for requests | C77: units | E77: C1 | F77: =IF(F68=0,0,ROUNDUP(F36/INDEX(CF_REQ,F68),0)) | G77: =IF(G68=0,0,ROUNDUP(G36/INDEX(CF_REQ,G68),0)) | H77: =IF(H68=0,0,ROUNDUP(H36/INDEX(CF_REQ,H68),0)) | I77: =IF(I68=0,0,ROUNDUP(I36/INDEX(CF_REQ,I68),0)) | J77: =IF(J68=0,0,ROUNDUP(J36/INDEX(CF_REQ,J68),0)) | K77: =IF(K68=0,0,ROUNDUP(K36/INDEX(CF_REQ,K68),0))
A78: K.68 | B78: Units for the SLA | C78: units | E78: C1 | F78: =IF(F68=0,0,CHOOSE(F68,F46,F51,F56,F61)) | G78: =IF(G68=0,0,CHOOSE(G68,G46,G51,G56,G61)) | H78: =IF(H68=0,0,CHOOSE(H68,H46,H51,H56,H61)) | I78: =IF(I68=0,0,CHOOSE(I68,I46,I51,I56,I61)) | J78: =IF(J68=0,0,CHOOSE(J68,J46,J51,J56,J61)) | K78: =IF(K68=0,0,CHOOSE(K68,K46,K51,K56,K61))
A79: K.69 | B79: Dimension that sets the size | C79: text | D79: The first dimension, in the order listed above, whose units equal the recommendation. | E79: C1 | F79: =IF(F68=0,"-",IF(F70=F72,"Partitions",IF(F70=F73,"Ingress",IF(F70=F74,"Egress",IF(F70=F75,"Compacted partitions",IF(F70=F76,"Client connections",IF(F70=F77,"Requests","SLA minimum"))))))) | G79: =IF(G68=0,"-",IF(G70=G72,"Partitions",IF(G70=G73,"Ingress",IF(G70=G74,"Egress",IF(G70=G75,"Compacted partitions",IF(G70=G76,"Client connections",IF(G70=G77,"Requests","SLA minimum"))))))) | H79: =IF(H68=0,"-",IF(H70=H72,"Partitions",IF(H70=H73,"Ingress",IF(H70=H74,"Egress",IF(H70=H75,"Compacted partitions",IF(H70=H76,"Client connections",IF(H70=H77,"Requests","SLA minimum"))))))) | I79: =IF(I68=0,"-",IF(I70=I72,"Partitions",IF(I70=I73,"Ingress",IF(I70=I74,"Egress",IF(I70=I75,"Compacted partitions",IF(I70=I76,"Client connections",IF(I70=I77,"Requests","SLA minimum"))))))) | J79: =IF(J68=0,"-",IF(J70=J72,"Partitions",IF(J70=J73,"Ingress",IF(J70=J74,"Egress",IF(J70=J75,"Compacted partitions",IF(J70=J76,"Client connections",IF(J70=J77,"Requests","SLA minimum"))))))) | K79: =IF(K68=0,"-",IF(K70=K72,"Partitions",IF(K70=K73,"Ingress",IF(K70=K74,"Egress",IF(K70=K75,"Compacted partitions",IF(K70=K76,"Client connections",IF(K70=K77,"Requests","SLA minimum")))))))
A80: K.70 | B80: Partition use at today's demand | C80: % | D80: Leader partitions / (units x partitions per unit). | E80: C1 | F80: =IF(F70=0,0,F13/(F70*INDEX(CF_PART,F68))) | G80: =IF(G70=0,0,G13/(G70*INDEX(CF_PART,G68))) | H80: =IF(H70=0,0,H13/(H70*INDEX(CF_PART,H68))) | I80: =IF(I70=0,0,I13/(I70*INDEX(CF_PART,I68))) | J80: =IF(J70=0,0,J13/(J70*INDEX(CF_PART,J68))) | K80: =IF(K70=0,0,K13/(K70*INDEX(CF_PART,K68)))
A81: K.71 | B81: Ingress use at today's peak | C81: % | E81: C1 | F81: =IF(F70=0,0,F15/(F70*INDEX(CF_IN,F68))) | G81: =IF(G70=0,0,G15/(G70*INDEX(CF_IN,G68))) | H81: =IF(H70=0,0,H15/(H70*INDEX(CF_IN,H68))) | I81: =IF(I70=0,0,I15/(I70*INDEX(CF_IN,I68))) | J81: =IF(J70=0,0,J15/(J70*INDEX(CF_IN,J68))) | K81: =IF(K70=0,0,K15/(K70*INDEX(CF_IN,K68)))
A82: K.72 | B82: Egress use at today's peak | C82: % | E82: C1 | F82: =IF(F70=0,0,F16/(F70*INDEX(CF_OUT,F68))) | G82: =IF(G70=0,0,G16/(G70*INDEX(CF_OUT,G68))) | H82: =IF(H70=0,0,H16/(H70*INDEX(CF_OUT,H68))) | I82: =IF(I70=0,0,I16/(I70*INDEX(CF_OUT,I68))) | J82: =IF(J70=0,0,J16/(J70*INDEX(CF_OUT,J68))) | K82: =IF(K70=0,0,K16/(K70*INDEX(CF_OUT,K68)))
A83: K.73 | B83: Connection use at today's peak | C83: % | E83: C1 | F83: =IF(F70=0,0,F17/(F70*INDEX(CF_CONN,F68))) | G83: =IF(G70=0,0,G17/(G70*INDEX(CF_CONN,G68))) | H83: =IF(H70=0,0,H17/(H70*INDEX(CF_CONN,H68))) | I83: =IF(I70=0,0,I17/(I70*INDEX(CF_CONN,I68))) | J83: =IF(J70=0,0,J17/(J70*INDEX(CF_CONN,J68))) | K83: =IF(K70=0,0,K17/(K70*INDEX(CF_CONN,K68)))
A84: K.74 | B84: Request use at today's peak | C84: % | E84: C1 | F84: =IF(F70=0,0,F18/(F70*INDEX(CF_REQ,F68))) | G84: =IF(G70=0,0,G18/(G70*INDEX(CF_REQ,G68))) | H84: =IF(H70=0,0,H18/(H70*INDEX(CF_REQ,H68))) | I84: =IF(I70=0,0,I18/(I70*INDEX(CF_REQ,I68))) | J84: =IF(J70=0,0,J18/(J70*INDEX(CF_REQ,J68))) | K84: =IF(K70=0,0,K18/(K70*INDEX(CF_REQ,K68)))
A85: K.75 | B85: Time to create today's partitions | C85: minutes | D85: Leader partitions / partition creations allowed per 5 minutes x 5. Matters when topics are created during cutover. Uses today's partitions. | E85: C1 | F85: =IF(F68=0,0,F13/INDEX(CF_PARTOPS,F68)*5) | G85: =IF(G68=0,0,G13/INDEX(CF_PARTOPS,G68)*5) | H85: =IF(H68=0,0,H13/INDEX(CF_PARTOPS,H68)*5) | I85: =IF(I68=0,0,I13/INDEX(CF_PARTOPS,I68)*5) | J85: =IF(J68=0,0,J13/INDEX(CF_PARTOPS,J68)*5) | K85: =IF(K68=0,0,K13/INDEX(CF_PARTOPS,K68)*5)
A86: G. Quantities for the Confluent price quote (per month, with the growth allowance)
A87: K.76 | B87: Capacity unit-hours (upper bound) | C87: unit-hours | D87: Recommended units x 730 hours. Elastic types are billed on the highest units used in each hour, so the bill can be lower. | E87: C2, W | F87: =F70*W_HOURS | G87: =G70*W_HOURS | H87: =H70*W_HOURS | I87: =I70*W_HOURS | J87: =J70*W_HOURS | K87: =K70*W_HOURS
A88: K.77 | B88: Ingress | C88: GiB per month | D88: GiB written per day x (1 + growth) x 730 / 24. | E88: C2, W | F88: =F20*(1+F28)*W_HOURS/24 | G88: =G20*(1+G28)*W_HOURS/24 | H88: =H20*(1+H28)*W_HOURS/24 | I88: =I20*(1+I28)*W_HOURS/24 | J88: =J20*(1+J28)*W_HOURS/24 | K88: =K20*(1+K28)*W_HOURS/24
A89: K.78 | B89: Egress | C89: GiB per month | D89: GiB read per day x (1 + growth) x 730 / 24. | E89: C2, W | F89: =F21*(1+F28)*W_HOURS/24 | G89: =G21*(1+G28)*W_HOURS/24 | H89: =H21*(1+H28)*W_HOURS/24 | I89: =I21*(1+I28)*W_HOURS/24 | J89: =J21*(1+J28)*W_HOURS/24 | K89: =K21*(1+K28)*W_HOURS/24
A90: K.79 | B90: Average stored data before replication | C90: GiB | D90: Stored GiB x (1 + growth). | E90: C2 | F90: =F22*(1+F28) | G90: =G22*(1+G28) | H90: =H22*(1+H28) | I90: =I22*(1+I28) | J90: =J22*(1+J28) | K90: =K22*(1+K28)
A91: K.80 | B91: Billed storage after replication | C91: GiB | D91: Before-replication figure x 3. Confluent bills storage after replication. | E91: C2 | F91: =F90*CF_STORAGE_X | G91: =G90*CF_STORAGE_X | H91: =H90*CF_STORAGE_X | I91: =I90*CF_STORAGE_X | J91: =J90*CF_STORAGE_X | K91: =K90*CF_STORAGE_X
A92: K.81 | B92: Storage | C92: GiB-hours per month | D92: Billed storage x 730. | E92: C2, W | F92: =F91*W_HOURS | G92: =G91*W_HOURS | H92: =H91*W_HOURS | I92: =I91*W_HOURS | J92: =J91*W_HOURS | K92: =K91*W_HOURS
A93: H. Pega reference sizing for an equivalent self-managed cluster (for comparison only)
A94: K.82 | B94: Brokers | C94: count | D94: Pega Table 1 instance count. | E94: P1 | F94: =IF(F6=0,0,IF(F11="Production",P_KAFKA_PRD_N,P_KAFKA_DEV_N)) | G94: =IF(G6=0,0,IF(G11="Production",P_KAFKA_PRD_N,P_KAFKA_DEV_N)) | H94: =IF(H6=0,0,IF(H11="Production",P_KAFKA_PRD_N,P_KAFKA_DEV_N)) | I94: =IF(I6=0,0,IF(I11="Production",P_KAFKA_PRD_N,P_KAFKA_DEV_N)) | J94: =IF(J6=0,0,IF(J11="Production",P_KAFKA_PRD_N,P_KAFKA_DEV_N)) | K94: =IF(K6=0,0,IF(K11="Production",P_KAFKA_PRD_N,P_KAFKA_DEV_N))
A95: K.83 | B95: CPU per broker from Table 1 | C95: cores | E95: P1 | F95: =IF(F6=0,0,IF(F11="Production",P_KAFKA_PRD_CPU,P_KAFKA_DEV_CPU)) | G95: =IF(G6=0,0,IF(G11="Production",P_KAFKA_PRD_CPU,P_KAFKA_DEV_CPU)) | H95: =IF(H6=0,0,IF(H11="Production",P_KAFKA_PRD_CPU,P_KAFKA_DEV_CPU)) | I95: =IF(I6=0,0,IF(I11="Production",P_KAFKA_PRD_CPU,P_KAFKA_DEV_CPU)) | J95: =IF(J6=0,0,IF(J11="Production",P_KAFKA_PRD_CPU,P_KAFKA_DEV_CPU)) | K95: =IF(K6=0,0,IF(K11="Production",P_KAFKA_PRD_CPU,P_KAFKA_DEV_CPU))
A96: K.84 | B96: RAM per broker from Table 1 | C96: GB | E96: P1 | F96: =IF(F6=0,0,IF(F11="Production",P_KAFKA_PRD_RAM,P_KAFKA_DEV_RAM)) | G96: =IF(G6=0,0,IF(G11="Production",P_KAFKA_PRD_RAM,P_KAFKA_DEV_RAM)) | H96: =IF(H6=0,0,IF(H11="Production",P_KAFKA_PRD_RAM,P_KAFKA_DEV_RAM)) | I96: =IF(I6=0,0,IF(I11="Production",P_KAFKA_PRD_RAM,P_KAFKA_DEV_RAM)) | J96: =IF(J6=0,0,IF(J11="Production",P_KAFKA_PRD_RAM,P_KAFKA_DEV_RAM)) | K96: =IF(K6=0,0,IF(K11="Production",P_KAFKA_PRD_RAM,P_KAFKA_DEV_RAM))
A97: K.85 | B97: Storage per broker from Table 1 | C97: GB | E97: P1 | F97: =IF(F6=0,0,IF(F11="Production",P_KAFKA_PRD_DISK,P_KAFKA_DEV_DISK)) | G97: =IF(G6=0,0,IF(G11="Production",P_KAFKA_PRD_DISK,P_KAFKA_DEV_DISK)) | H97: =IF(H6=0,0,IF(H11="Production",P_KAFKA_PRD_DISK,P_KAFKA_DEV_DISK)) | I97: =IF(I6=0,0,IF(I11="Production",P_KAFKA_PRD_DISK,P_KAFKA_DEV_DISK)) | J97: =IF(J6=0,0,IF(J11="Production",P_KAFKA_PRD_DISK,P_KAFKA_DEV_DISK)) | K97: =IF(K6=0,0,IF(K11="Production",P_KAFKA_PRD_DISK,P_KAFKA_DEV_DISK))
A98: K.86 | B98: Partition replicas per broker | C98: count | D98: Planned leader partitions x replication factor 3 / brokers. Pega's Helm chart allows a replication factor of at most 3 and Confluent uses 3. | E98: P7, C3 | F98: =IF(F94=0,0,ROUNDUP(F31*CF_RF/F94,0)) | G98: =IF(G94=0,0,ROUNDUP(G31*CF_RF/G94,0)) | H98: =IF(H94=0,0,ROUNDUP(H31*CF_RF/H94,0)) | I98: =IF(I94=0,0,ROUNDUP(I31*CF_RF/I94,0)) | J98: =IF(J94=0,0,ROUNDUP(J31*CF_RF/J94,0)) | K98: =IF(K94=0,0,ROUNDUP(K31*CF_RF/K94,0))
A99: K.87 | B99: CPU for that partition count | C99: cores | D99: Smallest machine in Pega's partitions-per-broker table that supports the count. | E99: P5 | F99: =IF(F94=0,0,IF(F98<=INDEX(PM_MAX,1),INDEX(PM_CPU,1),IF(F98<=INDEX(PM_MAX,2),INDEX(PM_CPU,2),IF(F98<=INDEX(PM_MAX,4),INDEX(PM_CPU,4),INDEX(PM_CPU,5))))) | G99: =IF(G94=0,0,IF(G98<=INDEX(PM_MAX,1),INDEX(PM_CPU,1),IF(G98<=INDEX(PM_MAX,2),INDEX(PM_CPU,2),IF(G98<=INDEX(PM_MAX,4),INDEX(PM_CPU,4),INDEX(PM_CPU,5))))) | H99: =IF(H94=0,0,IF(H98<=INDEX(PM_MAX,1),INDEX(PM_CPU,1),IF(H98<=INDEX(PM_MAX,2),INDEX(PM_CPU,2),IF(H98<=INDEX(PM_MAX,4),INDEX(PM_CPU,4),INDEX(PM_CPU,5))))) | I99: =IF(I94=0,0,IF(I98<=INDEX(PM_MAX,1),INDEX(PM_CPU,1),IF(I98<=INDEX(PM_MAX,2),INDEX(PM_CPU,2),IF(I98<=INDEX(PM_MAX,4),INDEX(PM_CPU,4),INDEX(PM_CPU,5))))) | J99: =IF(J94=0,0,IF(J98<=INDEX(PM_MAX,1),INDEX(PM_CPU,1),IF(J98<=INDEX(PM_MAX,2),INDEX(PM_CPU,2),IF(J98<=INDEX(PM_MAX,4),INDEX(PM_CPU,4),INDEX(PM_CPU,5))))) | K99: =IF(K94=0,0,IF(K98<=INDEX(PM_MAX,1),INDEX(PM_CPU,1),IF(K98<=INDEX(PM_MAX,2),INDEX(PM_CPU,2),IF(K98<=INDEX(PM_MAX,4),INDEX(PM_CPU,4),INDEX(PM_CPU,5)))))
A100: K.88 | B100: RAM for that partition count | C100: GiB | E100: P5 | F100: =IF(F94=0,0,IF(F98<=INDEX(PM_MAX,1),INDEX(PM_RAM,1),IF(F98<=INDEX(PM_MAX,2),INDEX(PM_RAM,2),IF(F98<=INDEX(PM_MAX,4),INDEX(PM_RAM,4),INDEX(PM_RAM,5))))) | G100: =IF(G94=0,0,IF(G98<=INDEX(PM_MAX,1),INDEX(PM_RAM,1),IF(G98<=INDEX(PM_MAX,2),INDEX(PM_RAM,2),IF(G98<=INDEX(PM_MAX,4),INDEX(PM_RAM,4),INDEX(PM_RAM,5))))) | H100: =IF(H94=0,0,IF(H98<=INDEX(PM_MAX,1),INDEX(PM_RAM,1),IF(H98<=INDEX(PM_MAX,2),INDEX(PM_RAM,2),IF(H98<=INDEX(PM_MAX,4),INDEX(PM_RAM,4),INDEX(PM_RAM,5))))) | I100: =IF(I94=0,0,IF(I98<=INDEX(PM_MAX,1),INDEX(PM_RAM,1),IF(I98<=INDEX(PM_MAX,2),INDEX(PM_RAM,2),IF(I98<=INDEX(PM_MAX,4),INDEX(PM_RAM,4),INDEX(PM_RAM,5))))) | J100: =IF(J94=0,0,IF(J98<=INDEX(PM_MAX,1),INDEX(PM_RAM,1),IF(J98<=INDEX(PM_MAX,2),INDEX(PM_RAM,2),IF(J98<=INDEX(PM_MAX,4),INDEX(PM_RAM,4),INDEX(PM_RAM,5))))) | K100: =IF(K94=0,0,IF(K98<=INDEX(PM_MAX,1),INDEX(PM_RAM,1),IF(K98<=INDEX(PM_MAX,2),INDEX(PM_RAM,2),IF(K98<=INDEX(PM_MAX,4),INDEX(PM_RAM,4),INDEX(PM_RAM,5)))))
A101: K.89 | B101: Reference CPU per broker | C101: cores | D101: Larger of the two CPU figures. | E101: P1, P5 | F101: =MAX(F95,F99) | G101: =MAX(G95,G99) | H101: =MAX(H95,H99) | I101: =MAX(I95,I99) | J101: =MAX(J95,J99) | K101: =MAX(K95,K99)
...

Sheet 7 Search Sizing
A1: 7 Search sizing: managed OpenSearch nodes, storage and SRS
A2: One column per search service. Pega's tables give the starting size; storage, shard and replica rules can raise the data-node count. Green rows are the results.
A4: Step | B4: Item | C4: Unit | D4: How it is worked out | E4: Ref | F4: S1 | G4: S2 | H4: S3 | I4: S4 | J4: S5 | K4: S6
A5: A. Environments on this service
A6: S.01 | B6: Environments assigned | C6: count | D6: In-scope environments assigned to this service. | E6: - | F6: =COUNTIF(SD_SVC,F$4) | G6: =COUNTIF(SD_SVC,G$4) | H6: =COUNTIF(SD_SVC,H$4) | I6: =COUNTIF(SD_SVC,I$4) | J6: =COUNTIF(SD_SVC,J$4) | K6: =COUNTIF(SD_SVC,K$4)
A7: S.02 | B7: Environment codes | C7: text | E7: - | F7: =TRIM(IF('5 Search Demand'!$B$7=F$4,'5 Search Demand'!$A$7&" ","")&IF('5 Search Demand'!$B$8=F$4,'5 Search Demand'!$A$8&" ","")&IF('5 Search Demand'!$B$9=F$4,'5 Search Demand'!$A$9&" ","")&IF('5 Search Demand'!$B$10=F$4,'5 Search Demand'!$A$10&" ","")&IF('5 Search Demand'!$B$11=F$4,'5 Search Demand'!$A$11&" ","")&IF('5 Search Demand'!$B$12=F$4,'5 Search Demand'!$A$12&" ","")&IF('5 Search Demand'!$B$13=F$4,'5 Search Demand'!$A$13&" ","")&IF('5 Search Demand'!$B$14=F$4,'5 Search Demand'!$A$14&" ","")) | G7: =TRIM(IF('5 Search Demand'!$B$7=G$4,'5 Search Demand'!$A$7&" ","")&IF('5 Search Demand'!$B$8=G$4,'5 Search Demand'!$A$8&" ","")&IF('5 Search Demand'!$B$9=G$4,'5 Search Demand'!$A$9&" ","")&IF('5 Search Demand'!$B$10=G$4,'5 Search Demand'!$A$10&" ","")&IF('5 Search Demand'!$B$11=G$4,'5 Search Demand'!$A$11&" ","")&IF('5 Search Demand'!$B$12=G$4,'5 Search Demand'!$A$12&" ","")&IF('5 Search Demand'!$B$13=G$4,'5 Search Demand'!$A$13&" ","")&IF('5 Search Demand'!$B$14=G$4,'5 Search Demand'!$A$14&" ","")) | H7: =TRIM(IF('5 Search Demand'!$B$7=H$4,'5 Search Demand'!$A$7&" ","")&IF('5 Search Demand'!$B$8=H$4,'5 Search Demand'!$A$8&" ","")&IF('5 Search Demand'!$B$9=H$4,'5 Search Demand'!$A$9&" ","")&IF('5 Search Demand'!$B$10=H$4,'5 Search Demand'!$A$10&" ","")&IF('5 Search Demand'!$B$11=H$4,'5 Search Demand'!$A$11&" ","")&IF('5 Search Demand'!$B$12=H$4,'5 Search Demand'!$A$12&" ","")&IF('5 Search Demand'!$B$13=H$4,'5 Search Demand'!$A$13&" ","")&IF('5 Search Demand'!$B$14=H$4,'5 Search Demand'!$A$14&" ","")) | I7: =TRIM(IF('5 Search Demand'!$B$7=I$4,'5 Search Demand'!$A$7&" ","")&IF('5 Search Demand'!$B$8=I$4,'5 Search Demand'!$A$8&" ","")&IF('5 Search Demand'!$B$9=I$4,'5 Search Demand'!$A$9&" ","")&IF('5 Search Demand'!$B$10=I$4,'5 Search Demand'!$A$10&" ","")&IF('5 Search Demand'!$B$11=I$4,'5 Search Demand'!$A$11&" ","")&IF('5 Search Demand'!$B$12=I$4,'5 Search Demand'!$A$12&" ","")&IF('5 Search Demand'!$B$13=I$4,'5 Search Demand'!$A$13&" ","")&IF('5 Search Demand'!$B$14=I$4,'5 Search Demand'!$A$14&" ","")) | J7: =TRIM(IF('5 Search Demand'!$B$7=J$4,'5 Search Demand'!$A$7&" ","")&IF('5 Search Demand'!$B$8=J$4,'5 Search Demand'!$A$8&" ","")&IF('5 Search Demand'!$B$9=J$4,'5 Search Demand'!$A$9&" ","")&IF('5 Search Demand'!$B$10=J$4,'5 Search Demand'!$A$10&" ","")&IF('5 Search Demand'!$B$11=J$4,'5 Search Demand'!$A$11&" ","")&IF('5 Search Demand'!$B$12=J$4,'5 Search Demand'!$A$12&" ","")&IF('5 Search Demand'!$B$13=J$4,'5 Search Demand'!$A$13&" ","")&IF('5 Search Demand'!$B$14=J$4,'5 Search Demand'!$A$14&" ","")) | K7: =TRIM(IF('5 Search Demand'!$B$7=K$4,'5 Search Demand'!$A$7&" ","")&IF('5 Search Demand'!$B$8=K$4,'5 Search Demand'!$A$8&" ","")&IF('5 Search Demand'!$B$9=K$4,'5 Search Demand'!$A$9&" ","")&IF('5 Search Demand'!$B$10=K$4,'5 Search Demand'!$A$10&" ","")&IF('5 Search Demand'!$B$11=K$4,'5 Search Demand'!$A$11&" ","")&IF('5 Search Demand'!$B$12=K$4,'5 Search Demand'!$A$12&" ","")&IF('5 Search Demand'!$B$13=K$4,'5 Search Demand'!$A$13&" ","")&IF('5 Search Demand'!$B$14=K$4,'5 Search Demand'!$A$14&" ",""))
A8: S.03 | B8: Service name | C8: text | E8: - | F8: =IF('4 Search Services'!F6="",F$4,'4 Search Services'!F6) | G8: =IF('4 Search Services'!G6="",G$4,'4 Search Services'!G6) | H8: =IF('4 Search Services'!H6="",H$4,'4 Search Services'!H6) | I8: =IF('4 Search Services'!I6="",I$4,'4 Search Services'!I6) | J8: =IF('4 Search Services'!J6="",J$4,'4 Search Services'!J6) | K8: =IF('4 Search Services'!K6="",K$4,'4 Search Services'!K6)
A9: S.04 | B9: Most demanding landscape (rank) | C9: 1-4 | E9: - | F9: =SUMPRODUCT(MAX((SD_SVC=F$4)*SD_RANK)) | G9: =SUMPRODUCT(MAX((SD_SVC=G$4)*SD_RANK)) | H9: =SUMPRODUCT(MAX((SD_SVC=H$4)*SD_RANK)) | I9: =SUMPRODUCT(MAX((SD_SVC=I$4)*SD_RANK)) | J9: =SUMPRODUCT(MAX((SD_SVC=J$4)*SD_RANK)) | K9: =SUMPRODUCT(MAX((SD_SVC=K$4)*SD_RANK))
A10: S.05 | B10: Most demanding landscape | C10: text | E10: P2 | F10: =IF(F9=0,"-",INDEX(LANDSCAPES,F9)) | G10: =IF(G9=0,"-",INDEX(LANDSCAPES,G9)) | H10: =IF(H9=0,"-",INDEX(LANDSCAPES,H9)) | I10: =IF(I9=0,"-",INDEX(LANDSCAPES,I9)) | J10: =IF(J9=0,"-",INDEX(LANDSCAPES,J9)) | K10: =IF(K9=0,"-",INDEX(LANDSCAPES,K9))
A11: S.06 | B11: Pega table rows used | C11: text | D11: Prod = 'Production, Stage'; Test = 'Testing, Development'. | E11: P2 | F11: =IF(F9=0,"-",IF(F9>=3,"Prod","Test")) | G11: =IF(G9=0,"-",IF(G9>=3,"Prod","Test")) | H11: =IF(H9=0,"-",IF(H9>=3,"Prod","Test")) | I11: =IF(I9=0,"-",IF(I9>=3,"Prod","Test")) | J11: =IF(J9=0,"-",IF(J9>=3,"Prod","Test")) | K11: =IF(K9=0,"-",IF(K9>=3,"Prod","Test"))
A12: B. Demand: sum of the environments on this service (from the Search Demand sheet)
A13: S.07 | B13: Searchable data today | C13: GB | E13: - | F13: =SUMIF(SD_SVC,F$4,SD_GB) | G13: =SUMIF(SD_SVC,G$4,SD_GB) | H13: =SUMIF(SD_SVC,H$4,SD_GB) | I13: =SUMIF(SD_SVC,I$4,SD_GB) | J13: =SUMIF(SD_SVC,J$4,SD_GB) | K13: =SUMIF(SD_SVC,K$4,SD_GB)
A14: S.08 | B14: Searchable data at end of period | C14: GB | D14: Sum of each environment's grown figure. | E14: - | F14: =SUMIF(SD_SVC,F$4,SD_FGB) | G14: =SUMIF(SD_SVC,G$4,SD_FGB) | H14: =SUMIF(SD_SVC,H$4,SD_FGB) | I14: =SUMIF(SD_SVC,I$4,SD_FGB) | J14: =SUMIF(SD_SVC,J$4,SD_FGB) | K14: =SUMIF(SD_SVC,K$4,SD_FGB)
A15: S.09 | B15: Temporary extra data | C15: GB | E15: - | F15: =SUMIF(SD_SVC,F$4,SD_TMP) | G15: =SUMIF(SD_SVC,G$4,SD_TMP) | H15: =SUMIF(SD_SVC,H$4,SD_TMP) | I15: =SUMIF(SD_SVC,I$4,SD_TMP) | J15: =SUMIF(SD_SVC,J$4,SD_TMP) | K15: =SUMIF(SD_SVC,K$4,SD_TMP)
A16: S.10 | B16: Documents at end of period | C16: count | E16: - | F16: =SUMIF(SD_SVC,F$4,SD_FDOCS) | G16: =SUMIF(SD_SVC,G$4,SD_FDOCS) | H16: =SUMIF(SD_SVC,H$4,SD_FDOCS) | I16: =SUMIF(SD_SVC,I$4,SD_FDOCS) | J16: =SUMIF(SD_SVC,J$4,SD_FDOCS) | K16: =SUMIF(SD_SVC,K$4,SD_FDOCS)
A17: S.11 | B17: Indexes | C17: count | E17: - | F17: =SUMIF(SD_SVC,F$4,SD_IDX) | G17: =SUMIF(SD_SVC,G$4,SD_IDX) | H17: =SUMIF(SD_SVC,H$4,SD_IDX) | I17: =SUMIF(SD_SVC,I$4,SD_IDX) | J17: =SUMIF(SD_SVC,J$4,SD_IDX) | K17: =SUMIF(SD_SVC,K$4,SD_IDX)
A18: S.12 | B18: Primary shards | C18: count | E18: - | F18: =SUMIF(SD_SVC,F$4,SD_PRIM) | G18: =SUMIF(SD_SVC,G$4,SD_PRIM) | H18: =SUMIF(SD_SVC,H$4,SD_PRIM) | I18: =SUMIF(SD_SVC,I$4,SD_PRIM) | J18: =SUMIF(SD_SVC,J$4,SD_PRIM) | K18: =SUMIF(SD_SVC,K$4,SD_PRIM)
A19: S.13 | B19: Environments with Example inputs | C19: count | E19: - | F19: =SUMPRODUCT((SD_SVC=F$4)*(SD_STATUS="Example")) | G19: =SUMPRODUCT((SD_SVC=G$4)*(SD_STATUS="Example")) | H19: =SUMPRODUCT((SD_SVC=H$4)*(SD_STATUS="Example")) | I19: =SUMPRODUCT((SD_SVC=I$4)*(SD_STATUS="Example")) | J19: =SUMPRODUCT((SD_SVC=J$4)*(SD_STATUS="Example")) | K19: =SUMPRODUCT((SD_SVC=K$4)*(SD_STATUS="Example"))
A20: S.14 | B20: Environments without an input status | C20: count | E20: - | F20: =SUMPRODUCT((SD_SVC=F$4)*(SD_STATUS="")) | G20: =SUMPRODUCT((SD_SVC=G$4)*(SD_STATUS="")) | H20: =SUMPRODUCT((SD_SVC=H$4)*(SD_STATUS="")) | I20: =SUMPRODUCT((SD_SVC=I$4)*(SD_STATUS="")) | J20: =SUMPRODUCT((SD_SVC=J$4)*(SD_STATUS="")) | K20: =SUMPRODUCT((SD_SVC=K$4)*(SD_STATUS=""))
A21: C. Requirements from the Search Services sheet
A22: S.15 | B22: High availability | C22: Yes/No | E22: P2 | F22: =IF('4 Search Services'!F9="","Yes",'4 Search Services'!F9) | G22: =IF('4 Search Services'!G9="","Yes",'4 Search Services'!G9) | H22: =IF('4 Search Services'!H9="","Yes",'4 Search Services'!H9) | I22: =IF('4 Search Services'!I9="","Yes",'4 Search Services'!I9) | J22: =IF('4 Search Services'!J9="","Yes",'4 Search Services'!J9) | K22: =IF('4 Search Services'!K9="","Yes",'4 Search Services'!K9)
A23: S.16 | B23: Availability zones | C23: count | E23: O1 | F23: =IF('4 Search Services'!F10="",3,'4 Search Services'!F10) | G23: =IF('4 Search Services'!G10="",3,'4 Search Services'!G10) | H23: =IF('4 Search Services'!H10="",3,'4 Search Services'!H10) | I23: =IF('4 Search Services'!I10="",3,'4 Search Services'!I10) | J23: =IF('4 Search Services'!J10="",3,'4 Search Services'!J10) | K23: =IF('4 Search Services'!K10="",3,'4 Search Services'!K10)
A24: S.17 | B24: Replicas per primary | C24: count | E24: O2 | F24: =IF('4 Search Services'!F11="",1,'4 Search Services'!F11) | G24: =IF('4 Search Services'!G11="",1,'4 Search Services'!G11) | H24: =IF('4 Search Services'!H11="",1,'4 Search Services'!H11) | I24: =IF('4 Search Services'!I11="",1,'4 Search Services'!I11) | J24: =IF('4 Search Services'!J11="",1,'4 Search Services'!J11) | K24: =IF('4 Search Services'!K11="",1,'4 Search Services'!K11)
A25: S.18 | B25: Provider storage overhead | C25: % | E25: A1 | F25: =IF('4 Search Services'!F14="",A_SVC_OVH,'4 Search Services'!F14) | G25: =IF('4 Search Services'!G14="",A_SVC_OVH,'4 Search Services'!G14) | H25: =IF('4 Search Services'!H14="",A_SVC_OVH,'4 Search Services'!H14) | I25: =IF('4 Search Services'!I14="",A_SVC_OVH,'4 Search Services'!I14) | J25: =IF('4 Search Services'!J14="",A_SVC_OVH,'4 Search Services'!J14) | K25: =IF('4 Search Services'!K14="",A_SVC_OVH,'4 Search Services'!K14)
A26: S.19 | B26: Operating system reserve | C26: % | E26: A1 | F26: =IF('4 Search Services'!F15="",A_LINUX,'4 Search Services'!F15) | G26: =IF('4 Search Services'!G15="",A_LINUX,'4 Search Services'!G15) | H26: =IF('4 Search Services'!H15="",A_LINUX,'4 Search Services'!H15) | I26: =IF('4 Search Services'!I15="",A_LINUX,'4 Search Services'!I15) | J26: =IF('4 Search Services'!J15="",A_LINUX,'4 Search Services'!J15) | K26: =IF('4 Search Services'!K15="",A_LINUX,'4 Search Services'!K15)
A27: S.20 | B27: Indexing overhead | C27: % | E27: A1 | F27: =IF('4 Search Services'!F16="",A_INDEX_OVH,'4 Search Services'!F16) | G27: =IF('4 Search Services'!G16="",A_INDEX_OVH,'4 Search Services'!G16) | H27: =IF('4 Search Services'!H16="",A_INDEX_OVH,'4 Search Services'!H16) | I27: =IF('4 Search Services'!I16="",A_INDEX_OVH,'4 Search Services'!I16) | J27: =IF('4 Search Services'!J16="",A_INDEX_OVH,'4 Search Services'!J16) | K27: =IF('4 Search Services'!K16="",A_INDEX_OVH,'4 Search Services'!K16)
A28: D. Pega sizing profile
A29: S.21 | B29: Profile by the workbook rule | C29: text | D29: Large when searchable data at the end of the period reaches the 2 TB of Pega's large example, otherwise Default (W). Document count is reported in the checks. | E29: P2, W | F29: =IF(F6=0,"-",IF(F14>=P_SEARCH_LARGE_GB,"Large","Default")) | G29: =IF(G6=0,"-",IF(G14>=P_SEARCH_LARGE_GB,"Large","Default")) | H29: =IF(H6=0,"-",IF(H14>=P_SEARCH_LARGE_GB,"Large","Default")) | I29: =IF(I6=0,"-",IF(I14>=P_SEARCH_LARGE_GB,"Large","Default")) | J29: =IF(J6=0,"-",IF(J14>=P_SEARCH_LARGE_GB,"Large","Default")) | K29: =IF(K6=0,"-",IF(K14>=P_SEARCH_LARGE_GB,"Large","Default"))
A30: S.22 | B30: Profile used | C30: text | D30: The override on the Search Services sheet, if set. | E30: P2 | F30: =IF(F6=0,"-",IF(OR('4 Search Services'!F12="",'4 Search Services'!F12="Auto"),F29,'4 Search Services'!F12)) | G30: =IF(G6=0,"-",IF(OR('4 Search Services'!G12="",'4 Search Services'!G12="Auto"),G29,'4 Search Services'!G12)) | H30: =IF(H6=0,"-",IF(OR('4 Search Services'!H12="",'4 Search Services'!H12="Auto"),H29,'4 Search Services'!H12)) | I30: =IF(I6=0,"-",IF(OR('4 Search Services'!I12="",'4 Search Services'!I12="Auto"),I29,'4 Search Services'!I12)) | J30: =IF(J6=0,"-",IF(OR('4 Search Services'!J12="",'4 Search Services'!J12="Auto"),J29,'4 Search Services'!J12)) | K30: =IF(K6=0,"-",IF(OR('4 Search Services'!K12="",'4 Search Services'!K12="Auto"),K29,'4 Search Services'!K12))
A31: S.23 | B31: Pega data nodes | C31: count | D31: From the Pega table for the profile and landscape. | E31: P2 | F31: =IF(F6=0,0,IFERROR(INDEX(PS_N,MATCH(F30&"|Data|"&F11,PS_KEY,0)),0)) | G31: =IF(G6=0,0,IFERROR(INDEX(PS_N,MATCH(G30&"|Data|"&G11,PS_KEY,0)),0)) | H31: =IF(H6=0,0,IFERROR(INDEX(PS_N,MATCH(H30&"|Data|"&H11,PS_KEY,0)),0)) | I31: =IF(I6=0,0,IFERROR(INDEX(PS_N,MATCH(I30&"|Data|"&I11,PS_KEY,0)),0)) | J31: =IF(J6=0,0,IFERROR(INDEX(PS_N,MATCH(J30&"|Data|"&J11,PS_KEY,0)),0)) | K31: =IF(K6=0,0,IFERROR(INDEX(PS_N,MATCH(K30&"|Data|"&K11,PS_KEY,0)),0))
A32: S.24 | B32: Pega data node CPU | C32: vCPU | E32: P2 | F32: =IF(F6=0,0,IFERROR(INDEX(PS_CPU,MATCH(F30&"|Data|"&F11,PS_KEY,0)),0)) | G32: =IF(G6=0,0,IFERROR(INDEX(PS_CPU,MATCH(G30&"|Data|"&G11,PS_KEY,0)),0)) | H32: =IF(H6=0,0,IFERROR(INDEX(PS_CPU,MATCH(H30&"|Data|"&H11,PS_KEY,0)),0)) | I32: =IF(I6=0,0,IFERROR(INDEX(PS_CPU,MATCH(I30&"|Data|"&I11,PS_KEY,0)),0)) | J32: =IF(J6=0,0,IFERROR(INDEX(PS_CPU,MATCH(J30&"|Data|"&J11,PS_KEY,0)),0)) | K32: =IF(K6=0,0,IFERROR(INDEX(PS_CPU,MATCH(K30&"|Data|"&K11,PS_KEY,0)),0))
A33: S.25 | B33: Pega data node RAM | C33: GB | E33: P2 | F33: =IF(F6=0,0,IFERROR(INDEX(PS_RAM,MATCH(F30&"|Data|"&F11,PS_KEY,0)),0)) | G33: =IF(G6=0,0,IFERROR(INDEX(PS_RAM,MATCH(G30&"|Data|"&G11,PS_KEY,0)),0)) | H33: =IF(H6=0,0,IFERROR(INDEX(PS_RAM,MATCH(H30&"|Data|"&H11,PS_KEY,0)),0)) | I33: =IF(I6=0,0,IFERROR(INDEX(PS_RAM,MATCH(I30&"|Data|"&I11,PS_KEY,0)),0)) | J33: =IF(J6=0,0,IFERROR(INDEX(PS_RAM,MATCH(J30&"|Data|"&J11,PS_KEY,0)),0)) | K33: =IF(K6=0,0,IFERROR(INDEX(PS_RAM,MATCH(K30&"|Data|"&K11,PS_KEY,0)),0))
A34: S.26 | B34: Pega data node storage | C34: GB | E34: P2 | F34: =IF(F6=0,0,IFERROR(INDEX(PS_DISK,MATCH(F30&"|Data|"&F11,PS_KEY,0)),0)) | G34: =IF(G6=0,0,IFERROR(INDEX(PS_DISK,MATCH(G30&"|Data|"&G11,PS_KEY,0)),0)) | H34: =IF(H6=0,0,IFERROR(INDEX(PS_DISK,MATCH(H30&"|Data|"&H11,PS_KEY,0)),0)) | I34: =IF(I6=0,0,IFERROR(INDEX(PS_DISK,MATCH(I30&"|Data|"&I11,PS_KEY,0)),0)) | J34: =IF(J6=0,0,IFERROR(INDEX(PS_DISK,MATCH(J30&"|Data|"&J11,PS_KEY,0)),0)) | K34: =IF(K6=0,0,IFERROR(INDEX(PS_DISK,MATCH(K30&"|Data|"&K11,PS_KEY,0)),0))
A35: S.27 | B35: Pega cluster manager nodes | C35: count | D35: 0 means Pega lists none for this landscape. | E35: P2 | F35: =IF(F6=0,0,IFERROR(INDEX(PS_N,MATCH(F30&"|Master|"&F11,PS_KEY,0)),0)) | G35: =IF(G6=0,0,IFERROR(INDEX(PS_N,MATCH(G30&"|Master|"&G11,PS_KEY,0)),0)) | H35: =IF(H6=0,0,IFERROR(INDEX(PS_N,MATCH(H30&"|Master|"&H11,PS_KEY,0)),0)) | I35: =IF(I6=0,0,IFERROR(INDEX(PS_N,MATCH(I30&"|Master|"&I11,PS_KEY,0)),0)) | J35: =IF(J6=0,0,IFERROR(INDEX(PS_N,MATCH(J30&"|Master|"&J11,PS_KEY,0)),0)) | K35: =IF(K6=0,0,IFERROR(INDEX(PS_N,MATCH(K30&"|Master|"&K11,PS_KEY,0)),0))
A36: S.28 | B36: Cluster manager CPU | C36: vCPU | D36: Production row size, used whenever managers are needed. | E36: P2 | F36: =IF(F6=0,0,IFERROR(INDEX(PS_CPU,MATCH(F30&"|Master|"&"Prod",PS_KEY,0)),0)) | G36: =IF(G6=0,0,IFERROR(INDEX(PS_CPU,MATCH(G30&"|Master|"&"Prod",PS_KEY,0)),0)) | H36: =IF(H6=0,0,IFERROR(INDEX(PS_CPU,MATCH(H30&"|Master|"&"Prod",PS_KEY,0)),0)) | I36: =IF(I6=0,0,IFERROR(INDEX(PS_CPU,MATCH(I30&"|Master|"&"Prod",PS_KEY,0)),0)) | J36: =IF(J6=0,0,IFERROR(INDEX(PS_CPU,MATCH(J30&"|Master|"&"Prod",PS_KEY,0)),0)) | K36: =IF(K6=0,0,IFERROR(INDEX(PS_CPU,MATCH(K30&"|Master|"&"Prod",PS_KEY,0)),0))
A37: S.29 | B37: Cluster manager RAM | C37: GB | E37: P2 | F37: =IF(F6=0,0,IFERROR(INDEX(PS_RAM,MATCH(F30&"|Master|"&"Prod",PS_KEY,0)),0)) | G37: =IF(G6=0,0,IFERROR(INDEX(PS_RAM,MATCH(G30&"|Master|"&"Prod",PS_KEY,0)),0)) | H37: =IF(H6=0,0,IFERROR(INDEX(PS_RAM,MATCH(H30&"|Master|"&"Prod",PS_KEY,0)),0)) | I37: =IF(I6=0,0,IFERROR(INDEX(PS_RAM,MATCH(I30&"|Master|"&"Prod",PS_KEY,0)),0)) | J37: =IF(J6=0,0,IFERROR(INDEX(PS_RAM,MATCH(J30&"|Master|"&"Prod",PS_KEY,0)),0)) | K37: =IF(K6=0,0,IFERROR(INDEX(PS_RAM,MATCH(K30&"|Master|"&"Prod",PS_KEY,0)),0))
A38: S.30 | B38: Pega SRS pods | C38: count | D38: SRS runs on AKS, not at the search provider. | E38: P2 | F38: =IF(F6=0,0,IFERROR(INDEX(PS_N,MATCH(F30&"|SRS|"&F11,PS_KEY,0)),0)) | G38: =IF(G6=0,0,IFERROR(INDEX(PS_N,MATCH(G30&"|SRS|"&G11,PS_KEY,0)),0)) | H38: =IF(H6=0,0,IFERROR(INDEX(PS_N,MATCH(H30&"|SRS|"&H11,PS_KEY,0)),0)) | I38: =IF(I6=0,0,IFERROR(INDEX(PS_N,MATCH(I30&"|SRS|"&I11,PS_KEY,0)),0)) | J38: =IF(J6=0,0,IFERROR(INDEX(PS_N,MATCH(J30&"|SRS|"&J11,PS_KEY,0)),0)) | K38: =IF(K6=0,0,IFERROR(INDEX(PS_N,MATCH(K30&"|SRS|"&K11,PS_KEY,0)),0))
A39: E. Data node size used
A40: S.31 | B40: Data node vCPU | C40: vCPU | D40: Override if set, otherwise the Pega profile. | E40: P2 | F40: =IF('4 Search Services'!F18<>"",'4 Search Services'!F18,F32) | G40: =IF('4 Search Services'!G18<>"",'4 Search Services'!G18,G32) | H40: =IF('4 Search Services'!H18<>"",'4 Search Services'!H18,H32) | I40: =IF('4 Search Services'!I18<>"",'4 Search Services'!I18,I32) | J40: =IF('4 Search Services'!J18<>"",'4 Search Services'!J18,J32) | K40: =IF('4 Search Services'!K18<>"",'4 Search Services'!K18,K32)
A41: S.32 | B41: Data node RAM | C41: GB | D41: Override if set, otherwise the Pega profile. | E41: P2 | F41: =IF('4 Search Services'!F19<>"",'4 Search Services'!F19,F33) | G41: =IF('4 Search Services'!G19<>"",'4 Search Services'!G19,G33) | H41: =IF('4 Search Services'!H19<>"",'4 Search Services'!H19,H33) | I41: =IF('4 Search Services'!I19<>"",'4 Search Services'!I19,I33) | J41: =IF('4 Search Services'!J19<>"",'4 Search Services'!J19,J33) | K41: =IF('4 Search Services'!K19<>"",'4 Search Services'!K19,K33)
A42: S.33 | B42: Data node disk | C42: GB | D42: Override if set, otherwise the Pega profile. | E42: P2 | F42: =IF('4 Search Services'!F20<>"",'4 Search Services'!F20,F34) | G42: =IF('4 Search Services'!G20<>"",'4 Search Services'!G20,G34) | H42: =IF('4 Search Services'!H20<>"",'4 Search Services'!H20,H34) | I42: =IF('4 Search Services'!I20<>"",'4 Search Services'!I20,I34) | J42: =IF('4 Search Services'!J20<>"",'4 Search Services'!J20,J34) | K42: =IF('4 Search Services'!K20<>"",'4 Search Services'!K20,K34)
A43: S.34 | B43: Java heap per data node | C43: GB | D43: Half of RAM. | E43: O4 | F43: =F41*O_HEAP | G43: =G41*O_HEAP | H43: =H41*O_HEAP | I43: =I41*O_HEAP | J43: =J41*O_HEAP | K43: =K41*O_HEAP
A44: F. Storage and shards
A45: S.35 | B45: Source data to hold | C45: GB | D45: Searchable data at end of period + temporary extra data. | E45: - | F45: =F14+F15 | G45: =G14+G15 | H45: =H14+H15 | I45: =I14+I15 | J45: =J14+J15 | K45: =K14+K15
A46: S.36 | B46: Minimum storage | C46: GB | D46: Source x (1 + replicas) x (1 + indexing overhead) / (1 - OS reserve) / (1 - provider overhead). | E46: A1 | F46: =F45*(1+F24)*(1+F27)/(1-F26)/(1-F25) | G46: =G45*(1+G24)*(1+G27)/(1-G26)/(1-G25) | H46: =H45*(1+H24)*(1+H27)/(1-H26)/(1-H25) | I46: =I45*(1+I24)*(1+I27)/(1-I26)/(1-I25) | J46: =J45*(1+J24)*(1+J27)/(1-J26)/(1-J25) | K46: =K45*(1+K24)*(1+K27)/(1-K26)/(1-K25)
A47: S.37 | B47: Cross-check: simplified formula | C47: GB | D47: Source x (1 + replicas) x 1.45. | E47: A1 | F47: =F45*(1+F24)*A_SIMPLE | G47: =G45*(1+G24)*A_SIMPLE | H47: =H45*(1+H24)*A_SIMPLE | I47: =I45*(1+I24)*A_SIMPLE | J47: =J45*(1+J24)*A_SIMPLE | K47: =K45*(1+K24)*A_SIMPLE
A48: S.38 | B48: Total shards | C48: count | D48: Primary shards x (1 + replicas). | E48: O2 | F48: =F18*(1+F24) | G48: =G18*(1+G24) | H48: =H18*(1+H24) | I48: =I18*(1+I24) | J48: =J18*(1+J24) | K48: =K18*(1+K24)
A49: G. Data node count: the largest of the rules below
A50: S.39 | B50: By Pega profile and HA rule | C50: nodes | D50: Pega table count; at least 3 when high availability is required. | E50: P2 | F50: =IF(F6=0,0,IF(F22="Yes",MAX(F31,P_SEARCH_HA),F31)) | G50: =IF(G6=0,0,IF(G22="Yes",MAX(G31,P_SEARCH_HA),G31)) | H50: =IF(H6=0,0,IF(H22="Yes",MAX(H31,P_SEARCH_HA),H31)) | I50: =IF(I6=0,0,IF(I22="Yes",MAX(I31,P_SEARCH_HA),I31)) | J50: =IF(J6=0,0,IF(J22="Yes",MAX(J31,P_SEARCH_HA),J31)) | K50: =IF(K6=0,0,IF(K22="Yes",MAX(K31,P_SEARCH_HA),K31))
A51: S.40 | B51: By storage | C51: nodes | D51: Minimum storage / (data node disk x 85 % low watermark), rounded up, so that data stays below the point where OpenSearch stops allocating shards to a node. | E51: A1, O3 | F51: =IF(OR(F6=0,F42=0),0,ROUNDUP(F46/(F42*O_WM_LOW),0)) | G51: =IF(OR(G6=0,G42=0),0,ROUNDUP(G46/(G42*O_WM_LOW),0)) | H51: =IF(OR(H6=0,H42=0),0,ROUNDUP(H46/(H42*O_WM_LOW),0)) | I51: =IF(OR(I6=0,I42=0),0,ROUNDUP(I46/(I42*O_WM_LOW),0)) | J51: =IF(OR(J6=0,J42=0),0,ROUNDUP(J46/(J42*O_WM_LOW),0)) | K51: =IF(OR(K6=0,K42=0),0,ROUNDUP(K46/(K42*O_WM_LOW),0))
A52: S.41 | B52: By shards per node | C52: nodes | D52: Total shards / 1,000, rounded up. | E52: O3 | F52: =ROUNDUP(F48/O_SHARDS_NODE,0) | G52: =ROUNDUP(G48/O_SHARDS_NODE,0) | H52: =ROUNDUP(H48/O_SHARDS_NODE,0) | I52: =ROUNDUP(I48/O_SHARDS_NODE,0) | J52: =ROUNDUP(J48/O_SHARDS_NODE,0) | K52: =ROUNDUP(K48/O_SHARDS_NODE,0)
A53: S.42 | B53: By shards per GiB of heap | C53: nodes | D53: Total shards / (25 x heap), rounded up. | E53: A2 | F53: =IF(F43=0,0,ROUNDUP(F48/(A_SHARDS_HEAP*F43),0)) | G53: =IF(G43=0,0,ROUNDUP(G48/(A_SHARDS_HEAP*G43),0)) | H53: =IF(H43=0,0,ROUNDUP(H48/(A_SHARDS_HEAP*H43),0)) | I53: =IF(I43=0,0,ROUNDUP(I48/(A_SHARDS_HEAP*I43),0)) | J53: =IF(J43=0,0,ROUNDUP(J48/(A_SHARDS_HEAP*J43),0)) | K53: =IF(K43=0,0,ROUNDUP(K48/(A_SHARDS_HEAP*K43),0))
A54: S.43 | B54: By replica placement | C54: nodes | D54: Replicas go on different nodes from their primary, so replicas + 1 nodes are needed for a green cluster. | E54: O5, O6 | F54: =IF(F6=0,0,F24+1) | G54: =IF(G6=0,0,G24+1) | H54: =IF(H6=0,0,H24+1) | I54: =IF(I6=0,0,I24+1) | J54: =IF(J6=0,0,J24+1) | K54: =IF(K6=0,0,K24+1)
A55: S.44 | B55: Largest of the rules | C55: nodes | E55: - | F55: =MAX(F50,F51,F52,F53,F54) | G55: =MAX(G50,G51,G52,G53,G54) | H55: =MAX(H50,H51,H52,H53,H54) | I55: =MAX(I50,I51,I52,I53,I54) | J55: =MAX(J50,J51,J52,J53,J54) | K55: =MAX(K50,K51,K52,K53,K54)
A56: S.45 | B56: Recommended data nodes | C56: nodes | D56: With high availability and more than one zone, rounded up to a multiple of the zone count. | E56: O1 | F56: =IF(F6=0,0,IF(AND(F22="Yes",F23>1),ROUNDUP(F55/F23,0)*F23,F55)) | G56: =IF(G6=0,0,IF(AND(G22="Yes",G23>1),ROUNDUP(G55/G23,0)*G23,G55)) | H56: =IF(H6=0,0,IF(AND(H22="Yes",H23>1),ROUNDUP(H55/H23,0)*H23,H55)) | I56: =IF(I6=0,0,IF(AND(I22="Yes",I23>1),ROUNDUP(I55/I23,0)*I23,I55)) | J56: =IF(J6=0,0,IF(AND(J22="Yes",J23>1),ROUNDUP(J55/J23,0)*J23,J55)) | K56: =IF(K6=0,0,IF(AND(K22="Yes",K23>1),ROUNDUP(K55/K23,0)*K23,K55))
A57: S.46 | B57: Rule that sets the count | C57: text | D57: First rule, in the order above, equal to the largest. | E57: - | F57: =IF(F6=0,"-",IF(F55=F50,"Pega profile and HA rule",IF(F55=F51,"Storage",IF(F55=F52,"Shards per node",IF(F55=F53,"Shards per GiB of heap","Replica placement"))))) | G57: =IF(G6=0,"-",IF(G55=G50,"Pega profile and HA rule",IF(G55=G51,"Storage",IF(G55=G52,"Shards per node",IF(G55=G53,"Shards per GiB of heap","Replica placement"))))) | H57: =IF(H6=0,"-",IF(H55=H50,"Pega profile and HA rule",IF(H55=H51,"Storage",IF(H55=H52,"Shards per node",IF(H55=H53,"Shards per GiB of heap","Replica placement"))))) | I57: =IF(I6=0,"-",IF(I55=I50,"Pega profile and HA rule",IF(I55=I51,"Storage",IF(I55=I52,"Shards per node",IF(I55=I53,"Shards per GiB of heap","Replica placement"))))) | J57: =IF(J6=0,"-",IF(J55=J50,"Pega profile and HA rule",IF(J55=J51,"Storage",IF(J55=J52,"Shards per node",IF(J55=J53,"Shards per GiB of heap","Replica placement"))))) | K57: =IF(K6=0,"-",IF(K55=K50,"Pega profile and HA rule",IF(K55=K51,"Storage",IF(K55=K52,"Shards per node",IF(K55=K53,"Shards per GiB of heap","Replica placement")))))
A58: S.47 | B58: Data nodes the other rules give | C58: nodes | D58: Shown when storage sets the count: the count without the storage rule, rounded to the zones as above. | E58: - | F58: =IF(OR(F6=0,F57<>"Storage"),0,IF(AND(F22="Yes",F23>1),ROUNDUP(MAX(F50,F52,F53,F54)/F23,0)*F23,MAX(F50,F52,F53,F54))) | G58: =IF(OR(G6=0,G57<>"Storage"),0,IF(AND(G22="Yes",G23>1),ROUNDUP(MAX(G50,G52,G53,G54)/G23,0)*G23,MAX(G50,G52,G53,G54))) | H58: =IF(OR(H6=0,H57<>"Storage"),0,IF(AND(H22="Yes",H23>1),ROUNDUP(MAX(H50,H52,H53,H54)/H23,0)*H23,MAX(H50,H52,H53,H54))) | I58: =IF(OR(I6=0,I57<>"Storage"),0,IF(AND(I22="Yes",I23>1),ROUNDUP(MAX(I50,I52,I53,I54)/I23,0)*I23,MAX(I50,I52,I53,I54))) | J58: =IF(OR(J6=0,J57<>"Storage"),0,IF(AND(J22="Yes",J23>1),ROUNDUP(MAX(J50,J52,J53,J54)/J23,0)*J23,MAX(J50,J52,J53,J54))) | K58: =IF(OR(K6=0,K57<>"Storage"),0,IF(AND(K22="Yes",K23>1),ROUNDUP(MAX(K50,K52,K53,K54)/K23,0)*K23,MAX(K50,K52,K53,K54)))
A59: S.48 | B59: Disk per node to hold the data at that count | C59: GB | D59: Alternative to more nodes: minimum storage / (that count x 85 % low watermark), rounded up. Confirm the provider offers this disk size. | E59: A1, O3 | F59: =IF(F58=0,0,ROUNDUP(F46/(F58*O_WM_LOW),0)) | G59: =IF(G58=0,0,ROUNDUP(G46/(G58*O_WM_LOW),0)) | H59: =IF(H58=0,0,ROUNDUP(H46/(H58*O_WM_LOW),0)) | I59: =IF(I58=0,0,ROUNDUP(I46/(I58*O_WM_LOW),0)) | J59: =IF(J58=0,0,ROUNDUP(J46/(J58*O_WM_LOW),0)) | K59: =IF(K58=0,0,ROUNDUP(K46/(K58*O_WM_LOW),0))
A60: H. Cluster managers and SRS
A61: S.49 | B61: Recommended cluster manager nodes | C61: nodes | D61: 3 for Production and Stage, or whenever high availability is required; otherwise Pega's test figure. | E61: P2, O1 | F61: =IF(F6=0,0,IF(OR(F11="Prod",F22="Yes"),MAX(F35,O_MANAGERS),F35)) | G61: =IF(G6=0,0,IF(OR(G11="Prod",G22="Yes"),MAX(G35,O_MANAGERS),G35)) | H61: =IF(H6=0,0,IF(OR(H11="Prod",H22="Yes"),MAX(H35,O_MANAGERS),H35)) | I61: =IF(I6=0,0,IF(OR(I11="Prod",I22="Yes"),MAX(I35,O_MANAGERS),I35)) | J61: =IF(J6=0,0,IF(OR(J11="Prod",J22="Yes"),MAX(J35,O_MANAGERS),J35)) | K61: =IF(K6=0,0,IF(OR(K11="Prod",K22="Yes"),MAX(K35,O_MANAGERS),K35))
A62: S.50 | B62: Cluster manager vCPU | C62: vCPU | E62: P2 | F62: =IF(F61=0,0,F36) | G62: =IF(G61=0,0,G36) | H62: =IF(H61=0,0,H36) | I62: =IF(I61=0,0,I36) | J62: =IF(J61=0,0,J36) | K62: =IF(K61=0,0,K36)
A63: S.51 | B63: Cluster manager RAM | C63: GB | E63: P2 | F63: =IF(F61=0,0,F37) | G63: =IF(G61=0,0,G37) | H63: =IF(H61=0,0,H37) | I63: =IF(I61=0,0,I37) | J63: =IF(J61=0,0,J37) | K63: =IF(K61=0,0,K37)
A64: S.52 | B64: SRS pods on AKS (minimum) | C64: pods | D64: 3 for Production and Stage or with high availability; SRS autoscales above this. | E64: P2 | F64: =IF(F6=0,0,IF(OR(F11="Prod",F22="Yes"),MAX(F38,P_SEARCH_HA),F38)) | G64: =IF(G6=0,0,IF(OR(G11="Prod",G22="Yes"),MAX(G38,P_SEARCH_HA),G38)) | H64: =IF(H6=0,0,IF(OR(H11="Prod",H22="Yes"),MAX(H38,P_SEARCH_HA),H38)) | I64: =IF(I6=0,0,IF(OR(I11="Prod",I22="Yes"),MAX(I38,P_SEARCH_HA),I38)) | J64: =IF(J6=0,0,IF(OR(J11="Prod",J22="Yes"),MAX(J38,P_SEARCH_HA),J38)) | K64: =IF(K6=0,0,IF(OR(K11="Prod",K22="Yes"),MAX(K38,P_SEARCH_HA),K38))
A65: S.53 | B65: SRS pod CPU / RAM | C65: text | D65: From the Pega table. | E65: P2 | F65: =IF(F64=0,"-",IFERROR(INDEX(PS_CPU,MATCH(F30&"|SRS|"&F11,PS_KEY,0)),0)&" CPU / "&IFERROR(INDEX(PS_RAM,MATCH(F30&"|SRS|"&F11,PS_KEY,0)),0)&" GB") | G65: =IF(G64=0,"-",IFERROR(INDEX(PS_CPU,MATCH(G30&"|SRS|"&G11,PS_KEY,0)),0)&" CPU / "&IFERROR(INDEX(PS_RAM,MATCH(G30&"|SRS|"&G11,PS_KEY,0)),0)&" GB") | H65: =IF(H64=0,"-",IFERROR(INDEX(PS_CPU,MATCH(H30&"|SRS|"&H11,PS_KEY,0)),0)&" CPU / "&IFERROR(INDEX(PS_RAM,MATCH(H30&"|SRS|"&H11,PS_KEY,0)),0)&" GB") | I65: =IF(I64=0,"-",IFERROR(INDEX(PS_CPU,MATCH(I30&"|SRS|"&I11,PS_KEY,0)),0)&" CPU / "&IFERROR(INDEX(PS_RAM,MATCH(I30&"|SRS|"&I11,PS_KEY,0)),0)&" GB") | J65: =IF(J64=0,"-",IFERROR(INDEX(PS_CPU,MATCH(J30&"|SRS|"&J11,PS_KEY,0)),0)&" CPU / "&IFERROR(INDEX(PS_RAM,MATCH(J30&"|SRS|"&J11,PS_KEY,0)),0)&" GB") | K65: =IF(K64=0,"-",IFERROR(INDEX(PS_CPU,MATCH(K30&"|SRS|"&K11,PS_KEY,0)),0)&" CPU / "&IFERROR(INDEX(PS_RAM,MATCH(K30&"|SRS|"&K11,PS_KEY,0)),0)&" GB")
A66: I. Totals for the provider
A67: S.54 | B67: Data node vCPU in total | C67: vCPU | E67: - | F67: =F56*F40 | G67: =G56*G40 | H67: =H56*H40 | I67: =I56*I40 | J67: =J56*J40 | K67: =K56*K40
A68: S.55 | B68: Data node RAM in total | C68: GB | E68: - | F68: =F56*F41 | G68: =G56*G41 | H68: =H56*H41 | I68: =I56*I41 | J68: =J56*J41 | K68: =K56*K41
A69: S.56 | B69: Data node disk in total | C69: GB | E69: - | F69: =F56*F42 | G69: =G56*G42 | H69: =H56*H42 | I69: =I56*I42 | J69: =J56*J42 | K69: =K56*K42
A70: S.57 | B70: Cluster manager vCPU in total | C70: vCPU | E70: - | F70: =F61*F62 | G70: =G61*G62 | H70: =H61*H62 | I70: =I61*I62 | J70: =J61*J62 | K70: =K61*K62
A71: S.58 | B71: Cluster manager RAM in total | C71: GB | E71: - | F71: =F61*F63 | G71: =G61*G63 | H71: =H61*H63 | I71: =I61*I63 | J71: =J61*J63 | K71: =K61*K63
A72: J. Cross-checks
A73: S.59 | B73: Disk use at end of period | C73: % | D73: Source x (1 + replicas) x (1 + indexing overhead) / usable disk, where usable = total disk x (1 - OS reserve) x (1 - provider overhead). | E73: A1, O3 | F73: =IF(F69=0,0,F45*(1+F24)*(1+F27)/(F69*(1-F26)*(1-F25))) | G73: =IF(G69=0,0,G45*(1+G24)*(1+G27)/(G69*(1-G26)*(1-G25))) | H73: =IF(H69=0,0,H45*(1+H24)*(1+H27)/(H69*(1-H26)*(1-H25))) | I73: =IF(I69=0,0,I45*(1+I24)*(1+I27)/(I69*(1-I26)*(1-I25))) | J73: =IF(J69=0,0,J45*(1+J24)*(1+J27)/(J69*(1-J26)*(1-J25))) | K73: =IF(K69=0,0,K45*(1+K24)*(1+K27)/(K69*(1-K26)*(1-K25)))
A74: S.60 | B74: Shards per data node | C74: count | E74: O3 | F74: =IF(F56=0,0,F48/F56) | G74: =IF(G56=0,0,G48/G56) | H74: =IF(H56=0,0,H48/H56) | I74: =IF(I56=0,0,I48/I56) | J74: =IF(J56=0,0,J48/J56) | K74: =IF(K56=0,0,K48/K56)
A75: S.61 | B75: Shard limit per data node | C75: count | D75: Lower of 1,000 and 25 x heap. | E75: O3, A2 | F75: =MIN(O_SHARDS_NODE,A_SHARDS_HEAP*F43) | G75: =MIN(O_SHARDS_NODE,A_SHARDS_HEAP*G43) | H75: =MIN(O_SHARDS_NODE,A_SHARDS_HEAP*H43) | I75: =MIN(O_SHARDS_NODE,A_SHARDS_HEAP*I43) | J75: =MIN(O_SHARDS_NODE,A_SHARDS_HEAP*J43) | K75: =MIN(O_SHARDS_NODE,A_SHARDS_HEAP*K43)
A76: S.62 | B76: Average primary shard size | C76: GB | D76: Source data x (1 + indexing overhead) / primary shards. | E76: A2 | F76: =IF(F18=0,0,F14*(1+F27)/F18) | G76: =IF(G18=0,0,G14*(1+G27)/G18) | H76: =IF(H18=0,0,H14*(1+H27)/H18) | I76: =IF(I18=0,0,I14*(1+I27)/I18) | J76: =IF(J18=0,0,J14*(1+J27)/J18) | K76: =IF(K18=0,0,K14*(1+K27)/K18)
A77: S.63 | B77: AWS starting point for demanding workloads: vCPU | C77: vCPU | D77: 2 vCPU per 100 GiB of storage. | E77: A3 | F77: =F46/100*A_VCPU_100 | G77: =G46/100*A_VCPU_100 | H77: =H46/100*A_VCPU_100 | I77: =I46/100*A_VCPU_100 | J77: =J46/100*A_VCPU_100 | K77: =K46/100*A_VCPU_100
A78: S.64 | B78: AWS starting point for demanding workloads: RAM | C78: GB | D78: 8 GiB per 100 GiB of storage. | E78: A3 | F78: =F46/100*A_RAM_100 | G78: =G46/100*A_RAM_100 | H78: =H46/100*A_RAM_100 | I78: =I46/100*A_RAM_100 | J78: =J46/100*A_RAM_100 | K78: =K46/100*A_RAM_100
A79: K. Checks (PASS, INFO, WARN, FAIL)
A80: S.65 | B80: Inputs complete | C80: status | E80: - | F80: =IF(F6=0,"-",IF(F13=0,"FAIL: no searchable data figure",IF(F17=0,"WARN: number of indexes not given",IF(F20>0,"WARN: input status missing for "&F20&" environment(s)","PASS")))) | G80: =IF(G6=0,"-",IF(G13=0,"FAIL: no searchable data figure",IF(G17=0,"WARN: number of indexes not given",IF(G20>0,"WARN: input status missing for "&G20&" environment(s)","PASS")))) | H80: =IF(H6=0,"-",IF(H13=0,"FAIL: no searchable data figure",IF(H17=0,"WARN: number of indexes not given",IF(H20>0,"WARN: input status missing for "&H20&" environment(s)","PASS")))) | I80: =IF(I6=0,"-",IF(I13=0,"FAIL: no searchable data figure",IF(I17=0,"WARN: number of indexes not given",IF(I20>0,"WARN: input status missing for "&I20&" environment(s)","PASS")))) | J80: =IF(J6=0,"-",IF(J13=0,"FAIL: no searchable data figure",IF(J17=0,"WARN: number of indexes not given",IF(J20>0,"WARN: input status missing for "&J20&" environment(s)","PASS")))) | K80: =IF(K6=0,"-",IF(K13=0,"FAIL: no searchable data figure",IF(K17=0,"WARN: number of indexes not given",IF(K20>0,"WARN: input status missing for "&K20&" environment(s)","PASS"))))
A81: S.66 | B81: No example values | C81: status | E81: - | F81: =IF(F6=0,"-",IF(F19>0,"WARN: "&F19&" environment(s) use example values","PASS")) | G81: =IF(G6=0,"-",IF(G19>0,"WARN: "&G19&" environment(s) use example values","PASS")) | H81: =IF(H6=0,"-",IF(H19>0,"WARN: "&H19&" environment(s) use example values","PASS")) | I81: =IF(I6=0,"-",IF(I19>0,"WARN: "&I19&" environment(s) use example values","PASS")) | J81: =IF(J6=0,"-",IF(J19>0,"WARN: "&J19&" environment(s) use example values","PASS")) | K81: =IF(K6=0,"-",IF(K19>0,"WARN: "&K19&" environment(s) use example values","PASS"))
A82: S.67 | B82: High availability for Production and Stage | C82: status | D82: Pega: at least three nodes per service for high availability. | E82: P2 | F82: =IF(F6=0,"-",IF(AND(F11="Prod",F22<>"Yes"),"WARN: high availability not selected for a Production or Stage service","PASS")) | G82: =IF(G6=0,"-",IF(AND(G11="Prod",G22<>"Yes"),"WARN: high availability not selected for a Production or Stage service","PASS")) | H82: =IF(H6=0,"-",IF(AND(H11="Prod",H22<>"Yes"),"WARN: high availability not selected for a Production or Stage service","PASS")) | I82: =IF(I6=0,"-",IF(AND(I11="Prod",I22<>"Yes"),"WARN: high availability not selected for a Production or Stage service","PASS")) | J82: =IF(J6=0,"-",IF(AND(J11="Prod",J22<>"Yes"),"WARN: high availability not selected for a Production or Stage service","PASS")) | K82: =IF(K6=0,"-",IF(AND(K11="Prod",K22<>"Yes"),"WARN: high availability not selected for a Production or Stage service","PASS"))
A83: S.68 | B83: Replicas can be allocated | C83: status | E83: O5, O6, A1 | F83: =IF(F6=0,"-",IF(F56<F24+1,"FAIL: too few data nodes for the replicas (yellow cluster)",IF(F24=0,"WARN: no replica; AWS recommends at least one","PASS"))) | G83: =IF(G6=0,"-",IF(G56<G24+1,"FAIL: too few data nodes for the replicas (yellow cluster)",IF(G24=0,"WARN: no replica; AWS recommends at least one","PASS"))) | H83: =IF(H6=0,"-",IF(H56<H24+1,"FAIL: too few data nodes for the replicas (yellow cluster)",IF(H24=0,"WARN: no replica; AWS recommends at least one","PASS"))) | I83: =IF(I6=0,"-",IF(I56<I24+1,"FAIL: too few data nodes for the replicas (yellow cluster)",IF(I24=0,"WARN: no replica; AWS recommends at least one","PASS"))) | J83: =IF(J6=0,"-",IF(J56<J24+1,"FAIL: too few data nodes for the replicas (yellow cluster)",IF(J24=0,"WARN: no replica; AWS recommends at least one","PASS"))) | K83: =IF(K6=0,"-",IF(K56<K24+1,"FAIL: too few data nodes for the replicas (yellow cluster)",IF(K24=0,"WARN: no replica; AWS recommends at least one","PASS")))
A84: S.69 | B84: Disk use below the low watermark | C84: status | D84: Above 85 % OpenSearch stops allocating replicas to the node. | E84: O3 | F84: =IF(F6=0,"-",IF(F73>O_WM_LOW,"FAIL: "&TEXT(F73,"0%")&" is above the 85% low watermark","PASS")) | G84: =IF(G6=0,"-",IF(G73>O_WM_LOW,"FAIL: "&TEXT(G73,"0%")&" is above the 85% low watermark","PASS")) | H84: =IF(H6=0,"-",IF(H73>O_WM_LOW,"FAIL: "&TEXT(H73,"0%")&" is above the 85% low watermark","PASS")) | I84: =IF(I6=0,"-",IF(I73>O_WM_LOW,"FAIL: "&TEXT(I73,"0%")&" is above the 85% low watermark","PASS")) | J84: =IF(J6=0,"-",IF(J73>O_WM_LOW,"FAIL: "&TEXT(J73,"0%")&" is above the 85% low watermark","PASS")) | K84: =IF(K6=0,"-",IF(K73>O_WM_LOW,"FAIL: "&TEXT(K73,"0%")&" is above the 85% low watermark","PASS"))
A85: S.70 | B85: Shards per node within limits | C85: status | E85: O3, A2 | F85: =IF(F6=0,"-",IF(F74>F75,"FAIL: "&TEXT(F74,"#,##0")&" shards per node is above "&TEXT(F75,"#,##0"),"PASS")) | G85: =IF(G6=0,"-",IF(G74>G75,"FAIL: "&TEXT(G74,"#,##0")&" shards per node is above "&TEXT(G75,"#,##0"),"PASS")) | H85: =IF(H6=0,"-",IF(H74>H75,"FAIL: "&TEXT(H74,"#,##0")&" shards per node is above "&TEXT(H75,"#,##0"),"PASS")) | I85: =IF(I6=0,"-",IF(I74>I75,"FAIL: "&TEXT(I74,"#,##0")&" shards per node is above "&TEXT(I75,"#,##0"),"PASS")) | J85: =IF(J6=0,"-",IF(J74>J75,"FAIL: "&TEXT(J74,"#,##0")&" shards per node is above "&TEXT(J75,"#,##0"),"PASS")) | K85: =IF(K6=0,"-",IF(K74>K75,"FAIL: "&TEXT(K74,"#,##0")&" shards per node is above "&TEXT(K75,"#,##0"),"PASS"))
A86: S.71 | B86: Shard size guideline | C86: status | D86: AWS guideline 10 to 50 GiB per shard. | E86: A2 | F86: =IF(OR(F6=0,F18=0),"-",IF(F76>A_SHARD_MAX,"WARN: average shard "&TEXT(F76,"0")&" GB; consider more primary shards",IF(F76<A_SHARD_MIN,"INFO: average shard "&TEXT(F76,"0.0")&" GB, below the 10 GiB guideline","PASS"))) | G86: =IF(OR(G6=0,G18=0),"-",IF(G76>A_SHARD_MAX,"WARN: average shard "&TEXT(G76,"0")&" GB; consider more primary shards",IF(G76<A_SHARD_MIN,"INFO: average shard "&TEXT(G76,"0.0")&" GB, below the 10 GiB guideline","PASS"))) | H86: =IF(OR(H6=0,H18=0),"-",IF(H76>A_SHARD_MAX,"WARN: average shard "&TEXT(H76,"0")&" GB; consider more primary shards",IF(H76<A_SHARD_MIN,"INFO: average shard "&TEXT(H76,"0.0")&" GB, below the 10 GiB guideline","PASS"))) | I86: =IF(OR(I6=0,I18=0),"-",IF(I76>A_SHARD_MAX,"WARN: average shard "&TEXT(I76,"0")&" GB; consider more primary shards",IF(I76<A_SHARD_MIN,"INFO: average shard "&TEXT(I76,"0.0")&" GB, below the 10 GiB guideline","PASS"))) | J86: =IF(OR(J6=0,J18=0),"-",IF(J76>A_SHARD_MAX,"WARN: average shard "&TEXT(J76,"0")&" GB; consider more primary shards",IF(J76<A_SHARD_MIN,"INFO: average shard "&TEXT(J76,"0.0")&" GB, below the 10 GiB guideline","PASS"))) | K86: =IF(OR(K6=0,K18=0),"-",IF(K76>A_SHARD_MAX,"WARN: average shard "&TEXT(K76,"0")&" GB; consider more primary shards",IF(K76<A_SHARD_MIN,"INFO: average shard "&TEXT(K76,"0.0")&" GB, below the 10 GiB guideline","PASS")))
A87: S.72 | B87: Document count against Pega's large example | C87: status | E87: P2 | F87: =IF(F6=0,"-",IF(AND(F16>=P_SEARCH_LARGE_DOCS,F30<>"Large"),"INFO: "&TEXT(F16,"#,##0")&" documents, above the ~750,000 of Pega's large example; confirm with indexing and query metrics","PASS")) | G87: =IF(G6=0,"-",IF(AND(G16>=P_SEARCH_LARGE_DOCS,G30<>"Large"),"INFO: "&TEXT(G16,"#,##0")&" documents, above the ~750,000 of Pega's large example; confirm with indexing and query metrics","PASS")) | H87: =IF(H6=0,"-",IF(AND(H16>=P_SEARCH_LARGE_DOCS,H30<>"Large"),"INFO: "&TEXT(H16,"#,##0")&" documents, above the ~750,000 of Pega's large example; confirm with indexing and query metrics","PASS")) | I87: =IF(I6=0,"-",IF(AND(I16>=P_SEARCH_LARGE_DOCS,I30<>"Large"),"INFO: "&TEXT(I16,"#,##0")&" documents, above the ~750,000 of Pega's large example; confirm with indexing and query metrics","PASS")) | J87: =IF(J6=0,"-",IF(AND(J16>=P_SEARCH_LARGE_DOCS,J30<>"Large"),"INFO: "&TEXT(J16,"#,##0")&" documents, above the ~750,000 of Pega's large example; confirm with indexing and query metrics","PASS")) | K87: =IF(K6=0,"-",IF(AND(K16>=P_SEARCH_LARGE_DOCS,K30<>"Large"),"INFO: "&TEXT(K16,"#,##0")&" documents, above the ~750,000 of Pega's large example; confirm with indexing and query metrics","PASS"))
A88: S.73 | B88: Engine version | C88: status | D88: Pega best practice is OpenSearch 2.15. | E88: P2 | F88: =IF(F6=0,"-",IF('4 Search Services'!F22="OpenSearch 2.15","PASS",IF(OR('4 Search Services'!F22="OpenSearch 1.3",'4 Search Services'!F22="OpenSearch 2.19"),"INFO: supported; Pega's best practice is 2.15",IF('4 Search Services'!F22="","WARN: version not given","FAIL: not in Pega's supported list")))) | G88: =IF(G6=0,"-",IF('4 Search Services'!G22="OpenSearch 2.15","PASS",IF(OR('4 Search Services'!G22="OpenSearch 1.3",'4 Search Services'!G22="OpenSearch 2.19"),"INFO: supported; Pega's best practice is 2.15",IF('4 Search Services'!G22="","WARN: version not given","FAIL: not in Pega's supported list")))) | H88: =IF(H6=0,"-",IF('4 Search Services'!H22="OpenSearch 2.15","PASS",IF(OR('4 Search Services'!H22="OpenSearch 1.3",'4 Search Services'!H22="OpenSearch 2.19"),"INFO: supported; Pega's best practice is 2.15",IF('4 Search Services'!H22="","WARN: version not given","FAIL: not in Pega's supported list")))) | I88: =IF(I6=0,"-",IF('4 Search Services'!I22="OpenSearch 2.15","PASS",IF(OR('4 Search Services'!I22="OpenSearch 1.3",'4 Search Services'!I22="OpenSearch 2.19"),"INFO: supported; Pega's best practice is 2.15",IF('4 Search Services'!I22="","WARN: version not given","FAIL: not in Pega's supported list")))) | J88: =IF(J6=0,"-",IF('4 Search Services'!J22="OpenSearch 2.15","PASS",IF(OR('4 Search Services'!J22="OpenSearch 1.3",'4 Search Services'!J22="OpenSearch 2.19"),"INFO: supported; Pega's best practice is 2.15",IF('4 Search Services'!J22="","WARN: version not given","FAIL: not in Pega's supported list")))) | K88: =IF(K6=0,"-",IF('4 Search Services'!K22="OpenSearch 2.15","PASS",IF(OR('4 Search Services'!K22="OpenSearch 1.3",'4 Search Services'!K22="OpenSearch 2.19"),"INFO: supported; Pega's best practice is 2.15",IF('4 Search Services'!K22="","WARN: version not given","FAIL: not in Pega's supported list"))))
A89: S.74 | B89: Zones for high availability | C89: status | E89: O1 | F89: =IF(F6=0,"-",IF(AND(F22="Yes",F23<3),"WARN: OpenSearch advises three zones for cluster managers","PASS")) | G89: =IF(G6=0,"-",IF(AND(G22="Yes",G23<3),"WARN: OpenSearch advises three zones for cluster managers","PASS")) | H89: =IF(H6=0,"-",IF(AND(H22="Yes",H23<3),"WARN: OpenSearch advises three zones for cluster managers","PASS")) | I89: =IF(I6=0,"-",IF(AND(I22="Yes",I23<3),"WARN: OpenSearch advises three zones for cluster managers","PASS")) | J89: =IF(J6=0,"-",IF(AND(J22="Yes",J23<3),"WARN: OpenSearch advises three zones for cluster managers","PASS")) | K89: =IF(K6=0,"-",IF(AND(K22="Yes",K23<3),"WARN: OpenSearch advises three zones for cluster managers","PASS"))
A90: S.75 | B90: Pega Table 4 figures | C90: status | E90: P2 | F90: =IF(F6=0,"-",IF(F30="Large","INFO: Table 4 RAM total and storage need confirming with Pega (see Ref_Data)","PASS")) | G90: =IF(G6=0,"-",IF(G30="Large","INFO: Table 4 RAM total and storage need confirming with Pega (see Ref_Data)","PASS")) | H90: =IF(H6=0,"-",IF(H30="Large","INFO: Table 4 RAM total and storage need confirming with Pega (see Ref_Data)","PASS")) | I90: =IF(I6=0,"-",IF(I30="Large","INFO: Table 4 RAM total and storage need confirming with Pega (see Ref_Data)","PASS")) | J90: =IF(J6=0,"-",IF(J30="Large","INFO: Table 4 RAM total and storage need confirming with Pega (see Ref_Data)","PASS")) | K90: =IF(K6=0,"-",IF(K30="Large","INFO: Table 4 RAM total and storage need confirming with Pega (see Ref_Data)","PASS"))
A91: S.76 | B91: Compute against the AWS starting point | C91: status | D91: Information only; AWS gives it for demanding workloads. | E91: A3 | F91: =IF(F6=0,"-",IF(F67<F77,"INFO: data-node vCPU below the AWS starting point for demanding workloads","PASS")) | G91: =IF(G6=0,"-",IF(G67<G77,"INFO: data-node vCPU below the AWS starting point for demanding workloads","PASS")) | H91: =IF(H6=0,"-",IF(H67<H77,"INFO: data-node vCPU below the AWS starting point for demanding workloads","PASS")) | I91: =IF(I6=0,"-",IF(I67<I77,"INFO: data-node vCPU below the AWS starting point for demanding workloads","PASS")) | J91: =IF(J6=0,"-",IF(J67<J77,"INFO: data-node vCPU below the AWS starting point for demanding workloads","PASS")) | K91: =IF(K6=0,"-",IF(K67<K77,"INFO: data-node vCPU below the AWS starting point for demanding workloads","PASS"))
A92: S.77 | B92: Production isolation | C92: status | E92: - | F92: =IF(F6=0,"-",IF(AND(F9=4,F6>1),"INFO: Production shares this service with other environments; confirm this is intended","PASS")) | G92: =IF(G6=0,"-",IF(AND(G9=4,G6>1),"INFO: Production shares this service with other environments; confirm this is intended","PASS")) | H92: =IF(H6=0,"-",IF(AND(H9=4,H6>1),"INFO: Production shares this service with other environments; confirm this is intended","PASS")) | I92: =IF(I6=0,"-",IF(AND(I9=4,I6>1),"INFO: Production shares this service with other environments; confirm this is intended","PASS")) | J92: =IF(J6=0,"-",IF(AND(J9=4,J6>1),"INFO: Production shares this service with other environments; confirm this is intended","PASS")) | K92: =IF(K6=0,"-",IF(AND(K9=4,K6>1),"INFO: Production shares this service with other environments; confirm this is intended","PASS"))
A94: L. Why this size: plain-English explanation per service
B95: S1 | C95: =IF(F6=0,"S1 is not used.",F8&" ("&F7&"): "&F56&" data nodes of "&F40&" vCPU, "&F41&" GB RAM and "&TEXT(F42,"#,##0")&" GB disk, plus "&F61&" cluster manager nodes of "&F62&" vCPU and "&F63&" GB RAM. Pega profile: "&F30&IF(F30<>F29," (selected by the customer)",IF(F30="Large"," (searchable data at or above the 2 TB of Pega's large example)"," (searchable data below the 2 TB of Pega's large example)"))&" [P2]. The data-node count is set by this rule: "&F57&"."&IF(F59>0," Alternatively, "&F58&" data nodes with at least "&TEXT(F59,"#,##0")&" GB disk each would hold the data.","")&" Storage for "&TEXT(F45,"#,##0")&" GB of source data with "&F24&" replica(s) is "&TEXT(F46,"#,##0")&" GB [A1]; disk use at the end of the period is "&TEXT(F73,"0%")&" against the 85% low watermark [O3]. "&TEXT(F48,"#,##0")&" shards give "&TEXT(F74,"#,##0")&" per node against a limit of "&TEXT(F75,"#,##0")&" [O3][A2]. SRS on AKS: at least "&F64&" pods [P2].")
B96: S2 | C96: =IF(G6=0,"S2 is not used.",G8&" ("&G7&"): "&G56&" data nodes of "&G40&" vCPU, "&G41&" GB RAM and "&TEXT(G42,"#,##0")&" GB disk, plus "&G61&" cluster manager nodes of "&G62&" vCPU and "&G63&" GB RAM. Pega profile: "&G30&IF(G30<>G29," (selected by the customer)",IF(G30="Large"," (searchable data at or above the 2 TB of Pega's large example)"," (searchable data below the 2 TB of Pega's large example)"))&" [P2]. The data-node count is set by this rule: "&G57&"."&IF(G59>0," Alternatively, "&G58&" data nodes with at least "&TEXT(G59,"#,##0")&" GB disk each would hold the data.","")&" Storage for "&TEXT(G45,"#,##0")&" GB of source data with "&G24&" replica(s) is "&TEXT(G46,"#,##0")&" GB [A1]; disk use at the end of the period is "&TEXT(G73,"0%")&" against the 85% low watermark [O3]. "&TEXT(G48,"#,##0")&" shards give "&TEXT(G74,"#,##0")&" per node against a limit of "&TEXT(G75,"#,##0")&" [O3][A2]. SRS on AKS: at least "&G64&" pods [P2].")
B97: S3 | C97: =IF(H6=0,"S3 is not used.",H8&" ("&H7&"): "&H56&" data nodes of "&H40&" vCPU, "&H41&" GB RAM and "&TEXT(H42,"#,##0")&" GB disk, plus "&H61&" cluster manager nodes of "&H62&" vCPU and "&H63&" GB RAM. Pega profile: "&H30&IF(H30<>H29," (selected by the customer)",IF(H30="Large"," (searchable data at or above the 2 TB of Pega's large example)"," (searchable data below the 2 TB of Pega's large example)"))&" [P2]. The data-node count is set by this rule: "&H57&"."&IF(H59>0," Alternatively, "&H58&" data nodes with at least "&TEXT(H59,"#,##0")&" GB disk each would hold the data.","")&" Storage for "&TEXT(H45,"#,##0")&" GB of source data with "&H24&" replica(s) is "&TEXT(H46,"#,##0")&" GB [A1]; disk use at the end of the period is "&TEXT(H73,"0%")&" against the 85% low watermark [O3]. "&TEXT(H48,"#,##0")&" shards give "&TEXT(H74,"#,##0")&" per node against a limit of "&TEXT(H75,"#,##0")&" [O3][A2]. SRS on AKS: at least "&H64&" pods [P2].")
B98: S4 | C98: =IF(I6=0,"S4 is not used.",I8&" ("&I7&"): "&I56&" data nodes of "&I40&" vCPU, "&I41&" GB RAM and "&TEXT(I42,"#,##0")&" GB disk, plus "&I61&" cluster manager nodes of "&I62&" vCPU and "&I63&" GB RAM. Pega profile: "&I30&IF(I30<>I29," (selected by the customer)",IF(I30="Large"," (searchable data at or above the 2 TB of Pega's large example)"," (searchable data below the 2 TB of Pega's large example)"))&" [P2]. The data-node count is set by this rule: "&I57&"."&IF(I59>0," Alternatively, "&I58&" data nodes with at least "&TEXT(I59,"#,##0")&" GB disk each would hold the data.","")&" Storage for "&TEXT(I45,"#,##0")&" GB of source data with "&I24&" replica(s) is "&TEXT(I46,"#,##0")&" GB [A1]; disk use at the end of the period is "&TEXT(I73,"0%")&" against the 85% low watermark [O3]. "&TEXT(I48,"#,##0")&" shards give "&TEXT(I74,"#,##0")&" per node against a limit of "&TEXT(I75,"#,##0")&" [O3][A2]. SRS on AKS: at least "&I64&" pods [P2].")
B99: S5 | C99: =IF(J6=0,"S5 is not used.",J8&" ("&J7&"): "&J56&" data nodes of "&J40&" vCPU, "&J41&" GB RAM and "&TEXT(J42,"#,##0")&" GB disk, plus "&J61&" cluster manager nodes of "&J62&" vCPU and "&J63&" GB RAM. Pega profile: "&J30&IF(J30<>J29," (selected by the customer)",IF(J30="Large"," (searchable data at or above the 2 TB of Pega's large example)"," (searchable data below the 2 TB of Pega's large example)"))&" [P2]. The data-node count is set by this rule: "&J57&"."&IF(J59>0," Alternatively, "&J58&" data nodes with at least "&TEXT(J59,"#,##0")&" GB disk each would hold the data.","")&" Storage for "&TEXT(J45,"#,##0")&" GB of source data with "&J24&" replica(s) is "&TEXT(J46,"#,##0")&" GB [A1]; disk use at the end of the period is "&TEXT(J73,"0%")&" against the 85% low watermark [O3]. "&TEXT(J48,"#,##0")&" shards give "&TEXT(J74,"#,##0")&" per node against a limit of "&TEXT(J75,"#,##0")&" [O3][A2]. SRS on AKS: at least "&J64&" pods [P2].")
B100: S6 | C100: =IF(K6=0,"S6 is not used.",K8&" ("&K7&"): "&K56&" data nodes of "&K40&" vCPU, "&K41&" GB RAM and "&TEXT(K42,"#,##0")&" GB disk, plus "&K61&" cluster manager nodes of "&K62&" vCPU and "&K63&" GB RAM. Pega profile: "&K30&IF(K30<>K29," (selected by the customer)",IF(K30="Large"," (searchable data at or above the 2 TB of Pega's large example)"," (searchable data below the 2 TB of Pega's large example)"))&" [P2]. The data-node count is set by this rule: "&K57&"."&IF(K59>0," Alternatively, "&K58&" data nodes with at least "&TEXT(K59,"#,##0")&" GB disk each would hold the data.","")&" Storage for "&TEXT(K45,"#,##0")&" GB of source data with "&K24&" replica(s) is "&TEXT(K46,"#,##0")&" GB [A1]; disk use at the end of the period is "&TEXT(K73,"0%")&" against the 85% low watermark [O3]. "&TEXT(K48,"#,##0")&" shards give "&TEXT(K74,"#,##0")&" per node against a limit of "&TEXT(K75,"#,##0")&" [O3][A2]. SRS on AKS: at least "&K64&" pods [P2].")

Sheet 8 Confluent Request
A1: 8 Confluent Cloud request: send this sheet to Confluent for sizing and price
A2: Figures link to the Kafka Sizing sheet. Ask Confluent to confirm the cluster type and units and to price the quantities in Section C.
A4: Step | B4: Item | C4: Unit | D4: How it is worked out | E4: Ref | F4: K1 | G4: K2 | H4: K3 | I4: K4 | J4: K5 | K4: K6
A5: A. Cluster
A6: R.01 | B6: Cluster name | C6: text | E6: - | F6: ='6 Kafka Sizing'!F8 | G6: ='6 Kafka Sizing'!G8 | H6: ='6 Kafka Sizing'!H8 | I6: ='6 Kafka Sizing'!I8 | J6: ='6 Kafka Sizing'!J8 | K6: ='6 Kafka Sizing'!K8
A7: R.02 | B7: Azure region | C7: text | E7: - | F7: =IF('6 Kafka Sizing'!F6=0,"-",IF('2 Kafka Clusters'!F7<>"",'2 Kafka Clusters'!F7,IF('1 Setup'!$C$8="","(enter region)",'1 Setup'!$C$8))) | G7: =IF('6 Kafka Sizing'!G6=0,"-",IF('2 Kafka Clusters'!G7<>"",'2 Kafka Clusters'!G7,IF('1 Setup'!$C$8="","(enter region)",'1 Setup'!$C$8))) | H7: =IF('6 Kafka Sizing'!H6=0,"-",IF('2 Kafka Clusters'!H7<>"",'2 Kafka Clusters'!H7,IF('1 Setup'!$C$8="","(enter region)",'1 Setup'!$C$8))) | I7: =IF('6 Kafka Sizing'!I6=0,"-",IF('2 Kafka Clusters'!I7<>"",'2 Kafka Clusters'!I7,IF('1 Setup'!$C$8="","(enter region)",'1 Setup'!$C$8))) | J7: =IF('6 Kafka Sizing'!J6=0,"-",IF('2 Kafka Clusters'!J7<>"",'2 Kafka Clusters'!J7,IF('1 Setup'!$C$8="","(enter region)",'1 Setup'!$C$8))) | K7: =IF('6 Kafka Sizing'!K6=0,"-",IF('2 Kafka Clusters'!K7<>"",'2 Kafka Clusters'!K7,IF('1 Setup'!$C$8="","(enter region)",'1 Setup'!$C$8)))
A8: R.03 | B8: Pega environments | C8: text | E8: - | F8: ='6 Kafka Sizing'!F7 | G8: ='6 Kafka Sizing'!G7 | H8: ='6 Kafka Sizing'!H7 | I8: ='6 Kafka Sizing'!I7 | J8: ='6 Kafka Sizing'!J7 | K8: ='6 Kafka Sizing'!K7
A9: R.04 | B9: Requested cluster type | C9: text | E9: C1 | F9: ='6 Kafka Sizing'!F67 | G9: ='6 Kafka Sizing'!G67 | H9: ='6 Kafka Sizing'!H67 | I9: ='6 Kafka Sizing'!I67 | J9: ='6 Kafka Sizing'!J67 | K9: ='6 Kafka Sizing'!K67
A10: R.05 | B10: Requested units | C10: units | D10: eCKU or CKU as shown below. | E10: C1 | F10: ='6 Kafka Sizing'!F70 | G10: ='6 Kafka Sizing'!G70 | H10: ='6 Kafka Sizing'!H70 | I10: ='6 Kafka Sizing'!I70 | J10: ='6 Kafka Sizing'!J70 | K10: ='6 Kafka Sizing'!K70
A11: R.06 | B11: Capacity unit | C11: text | E11: C1 | F11: ='6 Kafka Sizing'!F69 | G11: ='6 Kafka Sizing'!G69 | H11: ='6 Kafka Sizing'!H69 | I11: ='6 Kafka Sizing'!I69 | J11: ='6 Kafka Sizing'!J69 | K11: ='6 Kafka Sizing'!K69
A12: R.07 | B12: Required SLA | C12: % | E12: C1 | F12: ='6 Kafka Sizing'!F38 | G12: ='6 Kafka Sizing'!G38 | H12: ='6 Kafka Sizing'!H38 | I12: ='6 Kafka Sizing'!I38 | J12: ='6 Kafka Sizing'!J38 | K12: ='6 Kafka Sizing'!K38
A13: R.08 | B13: Private networking (Azure Private Link) | C13: Yes/No | E13: C1 | F13: ='6 Kafka Sizing'!F39 | G13: ='6 Kafka Sizing'!G39 | H13: ='6 Kafka Sizing'!H39 | I13: ='6 Kafka Sizing'!I39 | J13: ='6 Kafka Sizing'!J39 | K13: ='6 Kafka Sizing'!K39
A14: R.09 | B14: Self-managed encryption keys | C14: Yes/No | E14: C4 | F14: ='6 Kafka Sizing'!F40 | G14: ='6 Kafka Sizing'!G40 | H14: ='6 Kafka Sizing'!H40 | I14: ='6 Kafka Sizing'!I40 | J14: ='6 Kafka Sizing'!J40 | K14: ='6 Kafka Sizing'!K40
A15: R.10 | B15: Multi-zone (if Dedicated) | C15: Yes/No | E15: C1 | F15: ='6 Kafka Sizing'!F41 | G15: ='6 Kafka Sizing'!G41 | H15: ='6 Kafka Sizing'!H41 | I15: ='6 Kafka Sizing'!I41 | J15: ='6 Kafka Sizing'!J41 | K15: ='6 Kafka Sizing'!K41
A16: B. Planned load (includes growth and target utilisation)
A17: R.11 | B17: Leader partitions (before replication) | C17: count | E17: C1 | F17: ='6 Kafka Sizing'!F31 | G17: ='6 Kafka Sizing'!G31 | H17: ='6 Kafka Sizing'!H31 | I17: ='6 Kafka Sizing'!I31 | J17: ='6 Kafka Sizing'!J31 | K17: ='6 Kafka Sizing'!K31
A18: R.12 | B18: Compacted partitions | C18: count | E18: C1 | F18: ='6 Kafka Sizing'!F32 | G18: ='6 Kafka Sizing'!G32 | H18: ='6 Kafka Sizing'!H32 | I18: ='6 Kafka Sizing'!I32 | J18: ='6 Kafka Sizing'!J32 | K18: ='6 Kafka Sizing'!K32
A19: R.13 | B19: Peak ingress | C19: MBps | E19: C1 | F19: ='6 Kafka Sizing'!F33 | G19: ='6 Kafka Sizing'!G33 | H19: ='6 Kafka Sizing'!H33 | I19: ='6 Kafka Sizing'!I33 | J19: ='6 Kafka Sizing'!J33 | K19: ='6 Kafka Sizing'!K33
A20: R.14 | B20: Peak egress | C20: MBps | E20: C1 | F20: ='6 Kafka Sizing'!F34 | G20: ='6 Kafka Sizing'!G34 | H20: ='6 Kafka Sizing'!H34 | I20: ='6 Kafka Sizing'!I34 | J20: ='6 Kafka Sizing'!J34 | K20: ='6 Kafka Sizing'!K34
A21: R.15 | B21: Peak client connections | C21: count | D21: Blank inputs count as 0; see the checks. | E21: C1 | F21: ='6 Kafka Sizing'!F35 | G21: ='6 Kafka Sizing'!G35 | H21: ='6 Kafka Sizing'!H35 | I21: ='6 Kafka Sizing'!I35 | J21: ='6 Kafka Sizing'!J35 | K21: ='6 Kafka Sizing'!K35
A22: R.16 | B22: Peak requests per second | C22: req/s | D22: Blank inputs count as 0; see the checks. | E22: C1 | F22: ='6 Kafka Sizing'!F36 | G22: ='6 Kafka Sizing'!G36 | H22: ='6 Kafka Sizing'!H36 | I22: ='6 Kafka Sizing'!I36 | J22: ='6 Kafka Sizing'!J36 | K22: ='6 Kafka Sizing'!K36
A23: R.17 | B23: Largest message | C23: bytes | D23: At least Pega's 5,000,000-byte default. | E23: P1 | F23: =MAX('6 Kafka Sizing'!F19,P_MSG_MAX) | G23: =MAX('6 Kafka Sizing'!G19,P_MSG_MAX) | H23: =MAX('6 Kafka Sizing'!H19,P_MSG_MAX) | I23: =MAX('6 Kafka Sizing'!I19,P_MSG_MAX) | J23: =MAX('6 Kafka Sizing'!J19,P_MSG_MAX) | K23: =MAX('6 Kafka Sizing'!K19,P_MSG_MAX)
A24: R.18 | B24: Dimension that sets the size | C24: text | E24: C1 | F24: ='6 Kafka Sizing'!F79 | G24: ='6 Kafka Sizing'!G79 | H24: ='6 Kafka Sizing'!H79 | I24: ='6 Kafka Sizing'!I79 | J24: ='6 Kafka Sizing'!J79 | K24: ='6 Kafka Sizing'!K79
A25: C. Monthly quantities for pricing
A26: R.19 | B26: Capacity unit-hours (upper bound) | C26: unit-hours | E26: C2 | F26: ='6 Kafka Sizing'!F87 | G26: ='6 Kafka Sizing'!G87 | H26: ='6 Kafka Sizing'!H87 | I26: ='6 Kafka Sizing'!I87 | J26: ='6 Kafka Sizing'!J87 | K26: ='6 Kafka Sizing'!K87
A27: R.20 | B27: Ingress | C27: GiB | E27: C2 | F27: ='6 Kafka Sizing'!F88 | G27: ='6 Kafka Sizing'!G88 | H27: ='6 Kafka Sizing'!H88 | I27: ='6 Kafka Sizing'!I88 | J27: ='6 Kafka Sizing'!J88 | K27: ='6 Kafka Sizing'!K88
A28: R.21 | B28: Egress | C28: GiB | E28: C2 | F28: ='6 Kafka Sizing'!F89 | G28: ='6 Kafka Sizing'!G89 | H28: ='6 Kafka Sizing'!H89 | I28: ='6 Kafka Sizing'!I89 | J28: ='6 Kafka Sizing'!J89 | K28: ='6 Kafka Sizing'!K89
A29: R.22 | B29: Billed storage after replication (average) | C29: GiB | E29: C2 | F29: ='6 Kafka Sizing'!F91 | G29: ='6 Kafka Sizing'!G91 | H29: ='6 Kafka Sizing'!H91 | I29: ='6 Kafka Sizing'!I91 | J29: ='6 Kafka Sizing'!J91 | K29: ='6 Kafka Sizing'!K91
A30: R.23 | B30: Storage | C30: GiB-hours | E30: C2 | F30: ='6 Kafka Sizing'!F92 | G30: ='6 Kafka Sizing'!G92 | H30: ='6 Kafka Sizing'!H92 | I30: ='6 Kafka Sizing'!I92 | J30: ='6 Kafka Sizing'!J92 | K30: ='6 Kafka Sizing'!K92
A31: D. Input quality
A32: R.24 | B32: Example inputs still present | C32: status | E32: - | F32: ='6 Kafka Sizing'!F107 | G32: ='6 Kafka Sizing'!G107 | H32: ='6 Kafka Sizing'!H107 | I32: ='6 Kafka Sizing'!I107 | J32: ='6 Kafka Sizing'!J107 | K32: ='6 Kafka Sizing'!K107
A33: R.25 | B33: Connections measured | C33: status | E33: - | F33: ='6 Kafka Sizing'!F108 | G33: ='6 Kafka Sizing'!G108 | H33: ='6 Kafka Sizing'!H108 | I33: ='6 Kafka Sizing'!I108 | J33: ='6 Kafka Sizing'!J108 | K33: ='6 Kafka Sizing'!K108
A34: R.26 | B34: Requests measured | C34: status | E34: - | F34: ='6 Kafka Sizing'!F109 | G34: ='6 Kafka Sizing'!G109 | H34: ='6 Kafka Sizing'!H109 | I34: ='6 Kafka Sizing'!I109 | J34: ='6 Kafka Sizing'!J109 | K34: ='6 Kafka Sizing'!K109
B36: E. Kafka settings Pega requires [P1]
B37: Setting | C37: Value | D37: Note for Confluent Cloud
B38: message.max.bytes | C38: 5000000 | D38: On Confluent Cloud, set the topic max.message.bytes; the topic default is 2,097,164 [C3].
B39: replica.fetch.max.bytes | C39: 5000100 | D39: Broker setting managed by Confluent; confirm the equivalent [C3].
B40: replica.fetch.response.max.bytes | C40: 5000100 | D40: Broker setting managed by Confluent; confirm the equivalent [C3].
B41: unclean.leader.election.enable | C41: false | D41: Confirm with Confluent.
B42: auto.create.topics.enable | C42: false | D42: Confirm with Confluent.
B44: F. Access control Pega needs for its service account [P1]
B45: Resource type | C45: Pattern | D45: Operation
B46: TOPIC | C46: Prefixed (stream name pattern prefix) | D46: ALL
B47: GROUP | C47: Prefixed (stream name pattern prefix) | D47: ALL
B48: TRANSACTIONAL_ID | C48: * | D48: ALL
B49: CLUSTER | C49: kafka-cluster | D49: IDEMPOTENT_WRITE
B51: G. Client and topic facts
B52: Item | C52: Value | D52: Ref
B53: Kafka client library in Pega Platform '26 | C53: 4.0.0 (backward compatible with 3.9.2) | D53: P6
B54: Supported authentication | C54: SASL/OAUTHBEARER, SASL/PLAIN or SASL/SCRAM | D54: P1
B55: Replication factor | C55: 3 (Confluent default, not editable); set Pega Helm replicationFactor to 3 | D55: C3, P7
B56: Partitions per topic | C56: 6 by default for queue processors and other Pega topics | D56: P3, P4
B57: Topic naming | C57: stream.streamNamePattern prefix per environment, for example pega-prd-{stream.name} | D57: P7
B58: Vendor-specific security features | C58: Not supported by Pega | D58: P1
B60: H. Questions for Confluent
B61: # | C61: Question
B62: 1 | C62: Confirm the cluster type and units for each cluster, and price the unit-hours, ingress, egress and storage in Section C for the Azure region.
B63: 2 | C63: How should topic max.message.bytes be set to at least 5,000,000 on topics that Pega creates dynamically, given the default of 2,097,164? [P1][C3]
B64: 3 | C64: Confirm that unclean leader election is disabled and that topics are not auto-created on the cluster [P1].
B65: 4 | C65: Confirm compatibility with the Kafka 4.0.0 client library shipped with Pega Platform '26 [P6].
B66: 5 | C66: Confirm Azure Private Link and self-managed key support for the requested type, and any unit limit that applies with Private Link [C1][C4].
B67: 6 | C67: Confirm how the partition, connection, connection-attempt and request limits are enforced for the requested type, including during rolling restarts of all Pega pods [C1].
B68: 7 | C68: Where the partition count drives the size, confirm the per-unit partition limit and any option to raise it [C1].

Sheet 9 Search Request
A1: 9 Search request: send this sheet to the managed OpenSearch provider
A2: Figures link to the Search Sizing sheet. Ask the provider to confirm the node sizes, apply its own storage overhead and price the service.
A4: Step | B4: Item | C4: Unit | D4: How it is worked out | E4: Ref | F4: S1 | G4: S2 | H4: S3 | I4: S4 | J4: S5 | K4: S6
A5: A. Service
A6: R.01 | B6: Service name | C6: text | E6: - | F6: ='7 Search Sizing'!F8 | G6: ='7 Search Sizing'!G8 | H6: ='7 Search Sizing'!H8 | I6: ='7 Search Sizing'!I8 | J6: ='7 Search Sizing'!J8 | K6: ='7 Search Sizing'!K8
A7: R.02 | B7: Azure region | C7: text | E7: - | F7: =IF('7 Search Sizing'!F6=0,"-",IF('4 Search Services'!F7<>"",'4 Search Services'!F7,IF('1 Setup'!$C$8="","(enter region)",'1 Setup'!$C$8))) | G7: =IF('7 Search Sizing'!G6=0,"-",IF('4 Search Services'!G7<>"",'4 Search Services'!G7,IF('1 Setup'!$C$8="","(enter region)",'1 Setup'!$C$8))) | H7: =IF('7 Search Sizing'!H6=0,"-",IF('4 Search Services'!H7<>"",'4 Search Services'!H7,IF('1 Setup'!$C$8="","(enter region)",'1 Setup'!$C$8))) | I7: =IF('7 Search Sizing'!I6=0,"-",IF('4 Search Services'!I7<>"",'4 Search Services'!I7,IF('1 Setup'!$C$8="","(enter region)",'1 Setup'!$C$8))) | J7: =IF('7 Search Sizing'!J6=0,"-",IF('4 Search Services'!J7<>"",'4 Search Services'!J7,IF('1 Setup'!$C$8="","(enter region)",'1 Setup'!$C$8))) | K7: =IF('7 Search Sizing'!K6=0,"-",IF('4 Search Services'!K7<>"",'4 Search Services'!K7,IF('1 Setup'!$C$8="","(enter region)",'1 Setup'!$C$8)))
A8: R.03 | B8: Pega environments | C8: text | E8: - | F8: ='7 Search Sizing'!F7 | G8: ='7 Search Sizing'!G7 | H8: ='7 Search Sizing'!H7 | I8: ='7 Search Sizing'!I7 | J8: ='7 Search Sizing'!J7 | K8: ='7 Search Sizing'!K7
A9: R.04 | B9: Engine version requested | C9: text | D9: Pega best practice. | E9: P2 | F9: =IF('7 Search Sizing'!F6=0,"-","OpenSearch 2.15 (1.3 and 2.19 also supported)") | G9: =IF('7 Search Sizing'!G6=0,"-","OpenSearch 2.15 (1.3 and 2.19 also supported)") | H9: =IF('7 Search Sizing'!H6=0,"-","OpenSearch 2.15 (1.3 and 2.19 also supported)") | I9: =IF('7 Search Sizing'!I6=0,"-","OpenSearch 2.15 (1.3 and 2.19 also supported)") | J9: =IF('7 Search Sizing'!J6=0,"-","OpenSearch 2.15 (1.3 and 2.19 also supported)") | K9: =IF('7 Search Sizing'!K6=0,"-","OpenSearch 2.15 (1.3 and 2.19 also supported)")
A10: R.05 | B10: High availability | C10: Yes/No | E10: P2 | F10: ='7 Search Sizing'!F22 | G10: ='7 Search Sizing'!G22 | H10: ='7 Search Sizing'!H22 | I10: ='7 Search Sizing'!I22 | J10: ='7 Search Sizing'!J22 | K10: ='7 Search Sizing'!K22
A11: R.06 | B11: Availability zones | C11: count | E11: O1 | F11: ='7 Search Sizing'!F23 | G11: ='7 Search Sizing'!G23 | H11: ='7 Search Sizing'!H23 | I11: ='7 Search Sizing'!I23 | J11: ='7 Search Sizing'!J23 | K11: ='7 Search Sizing'!K23
A12: R.07 | B12: Private connectivity | C12: Yes/No | E12: - | F12: =IF('7 Search Sizing'!F6=0,"-",'4 Search Services'!F23) | G12: =IF('7 Search Sizing'!G6=0,"-",'4 Search Services'!G23) | H12: =IF('7 Search Sizing'!H6=0,"-",'4 Search Services'!H23) | I12: =IF('7 Search Sizing'!I6=0,"-",'4 Search Services'!I23) | J12: =IF('7 Search Sizing'!J6=0,"-",'4 Search Services'!J23) | K12: =IF('7 Search Sizing'!K6=0,"-",'4 Search Services'!K23)
A13: R.08 | B13: Customer-managed key | C13: Yes/No | E13: - | F13: =IF('7 Search Sizing'!F6=0,"-",'4 Search Services'!F24) | G13: =IF('7 Search Sizing'!G6=0,"-",'4 Search Services'!G24) | H13: =IF('7 Search Sizing'!H6=0,"-",'4 Search Services'!H24) | I13: =IF('7 Search Sizing'!I6=0,"-",'4 Search Services'!I24) | J13: =IF('7 Search Sizing'!J6=0,"-",'4 Search Services'!J24) | K13: =IF('7 Search Sizing'!K6=0,"-",'4 Search Services'!K24)
A14: B. Nodes
A15: R.09 | B15: Data nodes | C15: nodes | E15: P2 | F15: ='7 Search Sizing'!F56 | G15: ='7 Search Sizing'!G56 | H15: ='7 Search Sizing'!H56 | I15: ='7 Search Sizing'!I56 | J15: ='7 Search Sizing'!J56 | K15: ='7 Search Sizing'!K56
A16: R.10 | B16: Data node vCPU | C16: vCPU | E16: P2 | F16: ='7 Search Sizing'!F40 | G16: ='7 Search Sizing'!G40 | H16: ='7 Search Sizing'!H40 | I16: ='7 Search Sizing'!I40 | J16: ='7 Search Sizing'!J40 | K16: ='7 Search Sizing'!K40
A17: R.11 | B17: Data node RAM | C17: GB | E17: P2 | F17: ='7 Search Sizing'!F41 | G17: ='7 Search Sizing'!G41 | H17: ='7 Search Sizing'!H41 | I17: ='7 Search Sizing'!I41 | J17: ='7 Search Sizing'!J41 | K17: ='7 Search Sizing'!K41
A18: R.12 | B18: Data node disk | C18: GB | E18: P2 | F18: ='7 Search Sizing'!F42 | G18: ='7 Search Sizing'!G42 | H18: ='7 Search Sizing'!H42 | I18: ='7 Search Sizing'!I42 | J18: ='7 Search Sizing'!J42 | K18: ='7 Search Sizing'!K42
A19: R.13 | B19: Dedicated cluster manager nodes | C19: nodes | E19: P2, O1 | F19: ='7 Search Sizing'!F61 | G19: ='7 Search Sizing'!G61 | H19: ='7 Search Sizing'!H61 | I19: ='7 Search Sizing'!I61 | J19: ='7 Search Sizing'!J61 | K19: ='7 Search Sizing'!K61
A20: R.14 | B20: Cluster manager vCPU | C20: vCPU | E20: P2 | F20: ='7 Search Sizing'!F62 | G20: ='7 Search Sizing'!G62 | H20: ='7 Search Sizing'!H62 | I20: ='7 Search Sizing'!I62 | J20: ='7 Search Sizing'!J62 | K20: ='7 Search Sizing'!K62
A21: R.15 | B21: Cluster manager RAM | C21: GB | E21: P2 | F21: ='7 Search Sizing'!F63 | G21: ='7 Search Sizing'!G63 | H21: ='7 Search Sizing'!H63 | I21: ='7 Search Sizing'!I63 | J21: ='7 Search Sizing'!J63 | K21: ='7 Search Sizing'!K63
A22: C. Data
A23: R.16 | B23: Source data to hold at end of period | C23: GB | E23: - | F23: ='7 Search Sizing'!F45 | G23: ='7 Search Sizing'!G45 | H23: ='7 Search Sizing'!H45 | I23: ='7 Search Sizing'!I45 | J23: ='7 Search Sizing'!J45 | K23: ='7 Search Sizing'!K45
A24: R.17 | B24: Minimum storage including replicas and overheads | C24: GB | E24: A1 | F24: ='7 Search Sizing'!F46 | G24: ='7 Search Sizing'!G46 | H24: ='7 Search Sizing'!H46 | I24: ='7 Search Sizing'!I46 | J24: ='7 Search Sizing'!J46 | K24: ='7 Search Sizing'!K46
A25: R.18 | B25: Replicas per primary | C25: count | E25: O2 | F25: ='7 Search Sizing'!F24 | G25: ='7 Search Sizing'!G24 | H25: ='7 Search Sizing'!H24 | I25: ='7 Search Sizing'!I24 | J25: ='7 Search Sizing'!J24 | K25: ='7 Search Sizing'!K24
A26: R.19 | B26: Total shards | C26: count | E26: O2 | F26: ='7 Search Sizing'!F48 | G26: ='7 Search Sizing'!G48 | H26: ='7 Search Sizing'!H48 | I26: ='7 Search Sizing'!I48 | J26: ='7 Search Sizing'!J48 | K26: ='7 Search Sizing'!K48
A27: R.20 | B27: Documents at end of period | C27: count | E27: - | F27: ='7 Search Sizing'!F16 | G27: ='7 Search Sizing'!G16 | H27: ='7 Search Sizing'!H16 | I27: ='7 Search Sizing'!I16 | J27: ='7 Search Sizing'!J16 | K27: ='7 Search Sizing'!K16
A28: R.21 | B28: Rule that sets the data-node count | C28: text | E28: - | F28: ='7 Search Sizing'!F57 | G28: ='7 Search Sizing'!G57 | H28: ='7 Search Sizing'!H57 | I28: ='7 Search Sizing'!I57 | J28: ='7 Search Sizing'!J57 | K28: ='7 Search Sizing'!K57
A29: D. Input quality
A30: R.22 | B30: Example inputs still present | C30: status | E30: - | F30: ='7 Search Sizing'!F81 | G30: ='7 Search Sizing'!G81 | H30: ='7 Search Sizing'!H81 | I30: ='7 Search Sizing'!I81 | J30: ='7 Search Sizing'!J81 | K30: ='7 Search Sizing'!K81
B32: E. Cluster settings SRS requires [P2]
B33: Setting | C33: Value | D33: Note
B34: action.auto_create_index | C34: false | D34: SRS sets this itself if its user has manage cluster privileges; otherwise set it manually.
B35: action.destructive_requires_name | C35: false | D35: SRS deletes indexes with a pattern.
B36: Image | C36: search-n-reporting-service-os | D36: Supports cloud and self-managed OpenSearch.
B37: Traffic encryption | C37: TLS between Pega and SRS | D37: Pega best practice: service mesh or load balancer with TLS.
B39: F. Questions for the provider
B40: # | C40: Question
B41: 1 | C41: Price the nodes in Section B in the Azure region, with the zones and options requested.
B42: 2 | C42: What storage overhead do you reserve per node? Replace the 20 % AWS figure on the Search Services sheet with yours [A1].
B43: 3 | C43: Can the two SRS cluster settings in Section E be applied, and can the SRS user have manage cluster privileges? [P2]
B44: 4 | C44: Which OpenSearch versions do you offer, and what is your support timeline for 2.15? [P2]
B45: 5 | C45: Confirm dedicated cluster manager nodes across three zones and shard allocation awareness by zone [O1].
B46: 6 | C46: Confirm that the service will not be shared with non-Pega workloads [P2].
B47: 7 | C47: Which indexing and query metrics can you export so the size can be adjusted after go-live? [P2]

Sheet 10 Checks
A1: 10 Checks: summary of every check in the workbook
A2: Resolve every FAIL before sending the request sheets. Review every WARN. INFO items are facts the customer and the provider should know.
A4: Kafka cluster / search service | B4: ID | C4: FAIL | D4: WARN | E4: INFO | F4: PASS | G4: Overall
A5: ='6 Kafka Sizing'!F8 | B5: K1 | C5: =SUMPRODUCT(--(LEFT('6 Kafka Sizing'!F106:F120,4)="FAIL")) | D5: =SUMPRODUCT(--(LEFT('6 Kafka Sizing'!F106:F120,4)="WARN")) | E5: =SUMPRODUCT(--(LEFT('6 Kafka Sizing'!F106:F120,4)="INFO")) | F5: =SUMPRODUCT(--(LEFT('6 Kafka Sizing'!F106:F120,4)="PASS")) | G5: =IF('6 Kafka Sizing'!F6=0,"Not used",IF(C5>0,"FAIL: resolve before sending",IF(D5>0,"WARN: review",IF(E5>0,"INFO only","PASS"))))
A6: ='6 Kafka Sizing'!G8 | B6: K2 | C6: =SUMPRODUCT(--(LEFT('6 Kafka Sizing'!G106:G120,4)="FAIL")) | D6: =SUMPRODUCT(--(LEFT('6 Kafka Sizing'!G106:G120,4)="WARN")) | E6: =SUMPRODUCT(--(LEFT('6 Kafka Sizing'!G106:G120,4)="INFO")) | F6: =SUMPRODUCT(--(LEFT('6 Kafka Sizing'!G106:G120,4)="PASS")) | G6: =IF('6 Kafka Sizing'!G6=0,"Not used",IF(C6>0,"FAIL: resolve before sending",IF(D6>0,"WARN: review",IF(E6>0,"INFO only","PASS"))))
A7: ='6 Kafka Sizing'!H8 | B7: K3 | C7: =SUMPRODUCT(--(LEFT('6 Kafka Sizing'!H106:H120,4)="FAIL")) | D7: =SUMPRODUCT(--(LEFT('6 Kafka Sizing'!H106:H120,4)="WARN")) | E7: =SUMPRODUCT(--(LEFT('6 Kafka Sizing'!H106:H120,4)="INFO")) | F7: =SUMPRODUCT(--(LEFT('6 Kafka Sizing'!H106:H120,4)="PASS")) | G7: =IF('6 Kafka Sizing'!H6=0,"Not used",IF(C7>0,"FAIL: resolve before sending",IF(D7>0,"WARN: review",IF(E7>0,"INFO only","PASS"))))
A8: ='6 Kafka Sizing'!I8 | B8: K4 | C8: =SUMPRODUCT(--(LEFT('6 Kafka Sizing'!I106:I120,4)="FAIL")) | D8: =SUMPRODUCT(--(LEFT('6 Kafka Sizing'!I106:I120,4)="WARN")) | E8: =SUMPRODUCT(--(LEFT('6 Kafka Sizing'!I106:I120,4)="INFO")) | F8: =SUMPRODUCT(--(LEFT('6 Kafka Sizing'!I106:I120,4)="PASS")) | G8: =IF('6 Kafka Sizing'!I6=0,"Not used",IF(C8>0,"FAIL: resolve before sending",IF(D8>0,"WARN: review",IF(E8>0,"INFO only","PASS"))))
A9: ='6 Kafka Sizing'!J8 | B9: K5 | C9: =SUMPRODUCT(--(LEFT('6 Kafka Sizing'!J106:J120,4)="FAIL")) | D9: =SUMPRODUCT(--(LEFT('6 Kafka Sizing'!J106:J120,4)="WARN")) | E9: =SUMPRODUCT(--(LEFT('6 Kafka Sizing'!J106:J120,4)="INFO")) | F9: =SUMPRODUCT(--(LEFT('6 Kafka Sizing'!J106:J120,4)="PASS")) | G9: =IF('6 Kafka Sizing'!J6=0,"Not used",IF(C9>0,"FAIL: resolve before sending",IF(D9>0,"WARN: review",IF(E9>0,"INFO only","PASS"))))
A10: ='6 Kafka Sizing'!K8 | B10: K6 | C10: =SUMPRODUCT(--(LEFT('6 Kafka Sizing'!K106:K120,4)="FAIL")) | D10: =SUMPRODUCT(--(LEFT('6 Kafka Sizing'!K106:K120,4)="WARN")) | E10: =SUMPRODUCT(--(LEFT('6 Kafka Sizing'!K106:K120,4)="INFO")) | F10: =SUMPRODUCT(--(LEFT('6 Kafka Sizing'!K106:K120,4)="PASS")) | G10: =IF('6 Kafka Sizing'!K6=0,"Not used",IF(C10>0,"FAIL: resolve before sending",IF(D10>0,"WARN: review",IF(E10>0,"INFO only","PASS"))))
A11: ='7 Search Sizing'!F8 | B11: S1 | C11: =SUMPRODUCT(--(LEFT('7 Search Sizing'!F80:F92,4)="FAIL")) | D11: =SUMPRODUCT(--(LEFT('7 Search Sizing'!F80:F92,4)="WARN")) | E11: =SUMPRODUCT(--(LEFT('7 Search Sizing'!F80:F92,4)="INFO")) | F11: =SUMPRODUCT(--(LEFT('7 Search Sizing'!F80:F92,4)="PASS")) | G11: =IF('7 Search Sizing'!F6=0,"Not used",IF(C11>0,"FAIL: resolve before sending",IF(D11>0,"WARN: review",IF(E11>0,"INFO only","PASS"))))
A12: ='7 Search Sizing'!G8 | B12: S2 | C12: =SUMPRODUCT(--(LEFT('7 Search Sizing'!G80:G92,4)="FAIL")) | D12: =SUMPRODUCT(--(LEFT('7 Search Sizing'!G80:G92,4)="WARN")) | E12: =SUMPRODUCT(--(LEFT('7 Search Sizing'!G80:G92,4)="INFO")) | F12: =SUMPRODUCT(--(LEFT('7 Search Sizing'!G80:G92,4)="PASS")) | G12: =IF('7 Search Sizing'!G6=0,"Not used",IF(C12>0,"FAIL: resolve before sending",IF(D12>0,"WARN: review",IF(E12>0,"INFO only","PASS"))))
A13: ='7 Search Sizing'!H8 | B13: S3 | C13: =SUMPRODUCT(--(LEFT('7 Search Sizing'!H80:H92,4)="FAIL")) | D13: =SUMPRODUCT(--(LEFT('7 Search Sizing'!H80:H92,4)="WARN")) | E13: =SUMPRODUCT(--(LEFT('7 Search Sizing'!H80:H92,4)="INFO")) | F13: =SUMPRODUCT(--(LEFT('7 Search Sizing'!H80:H92,4)="PASS")) | G13: =IF('7 Search Sizing'!H6=0,"Not used",IF(C13>0,"FAIL: resolve before sending",IF(D13>0,"WARN: review",IF(E13>0,"INFO only","PASS"))))
A14: ='7 Search Sizing'!I8 | B14: S4 | C14: =SUMPRODUCT(--(LEFT('7 Search Sizing'!I80:I92,4)="FAIL")) | D14: =SUMPRODUCT(--(LEFT('7 Search Sizing'!I80:I92,4)="WARN")) | E14: =SUMPRODUCT(--(LEFT('7 Search Sizing'!I80:I92,4)="INFO")) | F14: =SUMPRODUCT(--(LEFT('7 Search Sizing'!I80:I92,4)="PASS")) | G14: =IF('7 Search Sizing'!I6=0,"Not used",IF(C14>0,"FAIL: resolve before sending",IF(D14>0,"WARN: review",IF(E14>0,"INFO only","PASS"))))
A15: ='7 Search Sizing'!J8 | B15: S5 | C15: =SUMPRODUCT(--(LEFT('7 Search Sizing'!J80:J92,4)="FAIL")) | D15: =SUMPRODUCT(--(LEFT('7 Search Sizing'!J80:J92,4)="WARN")) | E15: =SUMPRODUCT(--(LEFT('7 Search Sizing'!J80:J92,4)="INFO")) | F15: =SUMPRODUCT(--(LEFT('7 Search Sizing'!J80:J92,4)="PASS")) | G15: =IF('7 Search Sizing'!J6=0,"Not used",IF(C15>0,"FAIL: resolve before sending",IF(D15>0,"WARN: review",IF(E15>0,"INFO only","PASS"))))
A16: ='7 Search Sizing'!K8 | B16: S6 | C16: =SUMPRODUCT(--(LEFT('7 Search Sizing'!K80:K92,4)="FAIL")) | D16: =SUMPRODUCT(--(LEFT('7 Search Sizing'!K80:K92,4)="WARN")) | E16: =SUMPRODUCT(--(LEFT('7 Search Sizing'!K80:K92,4)="INFO")) | F16: =SUMPRODUCT(--(LEFT('7 Search Sizing'!K80:K92,4)="PASS")) | G16: =IF('7 Search Sizing'!K6=0,"Not used",IF(C16>0,"FAIL: resolve before sending",IF(D16>0,"WARN: review",IF(E16>0,"INFO only","PASS"))))
A18: Environment input checks
A19: Environment | B19: In scope | C19: Landscape | D19: Kafka cluster | E19: Search service | F19: Kafka status | G19: Overall
A20: =IF('1 Setup'!B14="","(empty row)",'1 Setup'!B14) | B20: =IF('1 Setup'!E14="","-",'1 Setup'!E14) | C20: =IF('1 Setup'!D14="","missing",'1 Setup'!D14) | D20: =IF('1 Setup'!F14="","missing",'1 Setup'!F14) | E20: =IF('1 Setup'!G14="","missing",'1 Setup'!G14) | F20: =IF('3 Kafka Demand'!E7="","missing",'3 Kafka Demand'!E7) | G20: =IF('1 Setup'!B14="","-",IF('1 Setup'!E14<>"Yes","INFO: out of scope",IF(OR('1 Setup'!D14="",'1 Setup'!F14="",'1 Setup'!G14=""),"FAIL: landscape, cluster or service missing",IF(COUNTIF(ENV_CODE,'1 Setup'!B14)>1,"FAIL: duplicate environment code","PASS"))))
A21: =IF('1 Setup'!B15="","(empty row)",'1 Setup'!B15) | B21: =IF('1 Setup'!E15="","-",'1 Setup'!E15) | C21: =IF('1 Setup'!D15="","missing",'1 Setup'!D15) | D21: =IF('1 Setup'!F15="","missing",'1 Setup'!F15) | E21: =IF('1 Setup'!G15="","missing",'1 Setup'!G15) | F21: =IF('3 Kafka Demand'!E8="","missing",'3 Kafka Demand'!E8) | G21: =IF('1 Setup'!B15="","-",IF('1 Setup'!E15<>"Yes","INFO: out of scope",IF(OR('1 Setup'!D15="",'1 Setup'!F15="",'1 Setup'!G15=""),"FAIL: landscape, cluster or service missing",IF(COUNTIF(ENV_CODE,'1 Setup'!B15)>1,"FAIL: duplicate environment code","PASS"))))
A22: =IF('1 Setup'!B16="","(empty row)",'1 Setup'!B16) | B22: =IF('1 Setup'!E16="","-",'1 Setup'!E16) | C22: =IF('1 Setup'!D16="","missing",'1 Setup'!D16) | D22: =IF('1 Setup'!F16="","missing",'1 Setup'!F16) | E22: =IF('1 Setup'!G16="","missing",'1 Setup'!G16) | F22: =IF('3 Kafka Demand'!E9="","missing",'3 Kafka Demand'!E9) | G22: =IF('1 Setup'!B16="","-",IF('1 Setup'!E16<>"Yes","INFO: out of scope",IF(OR('1 Setup'!D16="",'1 Setup'!F16="",'1 Setup'!G16=""),"FAIL: landscape, cluster or service missing",IF(COUNTIF(ENV_CODE,'1 Setup'!B16)>1,"FAIL: duplicate environment code","PASS"))))
A23: =IF('1 Setup'!B17="","(empty row)",'1 Setup'!B17) | B23: =IF('1 Setup'!E17="","-",'1 Setup'!E17) | C23: =IF('1 Setup'!D17="","missing",'1 Setup'!D17) | D23: =IF('1 Setup'!F17="","missing",'1 Setup'!F17) | E23: =IF('1 Setup'!G17="","missing",'1 Setup'!G17) | F23: =IF('3 Kafka Demand'!E10="","missing",'3 Kafka Demand'!E10) | G23: =IF('1 Setup'!B17="","-",IF('1 Setup'!E17<>"Yes","INFO: out of scope",IF(OR('1 Setup'!D17="",'1 Setup'!F17="",'1 Setup'!G17=""),"FAIL: landscape, cluster or service missing",IF(COUNTIF(ENV_CODE,'1 Setup'!B17)>1,"FAIL: duplicate environment code","PASS"))))
A24: =IF('1 Setup'!B18="","(empty row)",'1 Setup'!B18) | B24: =IF('1 Setup'!E18="","-",'1 Setup'!E18) | C24: =IF('1 Setup'!D18="","missing",'1 Setup'!D18) | D24: =IF('1 Setup'!F18="","missing",'1 Setup'!F18) | E24: =IF('1 Setup'!G18="","missing",'1 Setup'!G18) | F24: =IF('3 Kafka Demand'!E11="","missing",'3 Kafka Demand'!E11) | G24: =IF('1 Setup'!B18="","-",IF('1 Setup'!E18<>"Yes","INFO: out of scope",IF(OR('1 Setup'!D18="",'1 Setup'!F18="",'1 Setup'!G18=""),"FAIL: landscape, cluster or service missing",IF(COUNTIF(ENV_CODE,'1 Setup'!B18)>1,"FAIL: duplicate environment code","PASS"))))
A25: =IF('1 Setup'!B19="","(empty row)",'1 Setup'!B19) | B25: =IF('1 Setup'!E19="","-",'1 Setup'!E19) | C25: =IF('1 Setup'!D19="","missing",'1 Setup'!D19) | D25: =IF('1 Setup'!F19="","missing",'1 Setup'!F19) | E25: =IF('1 Setup'!G19="","missing",'1 Setup'!G19) | F25: =IF('3 Kafka Demand'!E12="","missing",'3 Kafka Demand'!E12) | G25: =IF('1 Setup'!B19="","-",IF('1 Setup'!E19<>"Yes","INFO: out of scope",IF(OR('1 Setup'!D19="",'1 Setup'!F19="",'1 Setup'!G19=""),"FAIL: landscape, cluster or service missing",IF(COUNTIF(ENV_CODE,'1 Setup'!B19)>1,"FAIL: duplicate environment code","PASS"))))
A26: =IF('1 Setup'!B20="","(empty row)",'1 Setup'!B20) | B26: =IF('1 Setup'!E20="","-",'1 Setup'!E20) | C26: =IF('1 Setup'!D20="","missing",'1 Setup'!D20) | D26: =IF('1 Setup'!F20="","missing",'1 Setup'!F20) | E26: =IF('1 Setup'!G20="","missing",'1 Setup'!G20) | F26: =IF('3 Kafka Demand'!E13="","missing",'3 Kafka Demand'!E13) | G26: =IF('1 Setup'!B20="","-",IF('1 Setup'!E20<>"Yes","INFO: out of scope",IF(OR('1 Setup'!D20="",'1 Setup'!F20="",'1 Setup'!G20=""),"FAIL: landscape, cluster or service missing",IF(COUNTIF(ENV_CODE,'1 Setup'!B20)>1,"FAIL: duplicate environment code","PASS"))))
A27: =IF('1 Setup'!B21="","(empty row)",'1 Setup'!B21) | B27: =IF('1 Setup'!E21="","-",'1 Setup'!E21) | C27: =IF('1 Setup'!D21="","missing",'1 Setup'!D21) | D27: =IF('1 Setup'!F21="","missing",'1 Setup'!F21) | E27: =IF('1 Setup'!G21="","missing",'1 Setup'!G21) | F27: =IF('3 Kafka Demand'!E14="","missing",'3 Kafka Demand'!E14) | G27: =IF('1 Setup'!B21="","-",IF('1 Setup'!E21<>"Yes","INFO: out of scope",IF(OR('1 Setup'!D21="",'1 Setup'!F21="",'1 Setup'!G21=""),"FAIL: landscape, cluster or service missing",IF(COUNTIF(ENV_CODE,'1 Setup'!B21)>1,"FAIL: duplicate environment code","PASS"))))

Sheet Ref_Data
A1: Ref_Data: published figures used by the formulas
A2: Every value below has a named range used in the formulas, the source ID and the quoted wording. Checked 6 Oct 2026. Do not edit unless the source changes; record any change in the Change Log.
A4: Name (named range) | B4: Group | C4: Parameter | D4: Value | E4: Unit | F4: Ref | G4: Quoted evidence
A5: P_KAFKA_PARTS | B5: Pega Kafka | C5: Partitions supported by the Table 1 configuration | D5: 1000 | E5: partitions | F5: P1 | G5: The configuration in the preceding table can easily support up to 1000 Kafka partitions. You can increase resources accordingly if your deployment requires more Kafka partitions.
A6: P_KAFKA_DEV_N | B6: Pega Kafka | C6: Development: instance count | D6: 3 | E6: brokers | F6: P1 | G6: Table 1. Development 3 2 6 8 24 100
A7: P_KAFKA_DEV_CPU | B7: Pega Kafka | C7: Development: CPU cores per instance | D7: 2 | E7: cores | F7: P1 | G7: Table 1. Development 3 2 6 8 24 100
A8: P_KAFKA_DEV_RAM | B8: Pega Kafka | C8: Development: memory per instance | D8: 8 | E8: GB | F8: P1 | G8: Table 1. Development 3 2 6 8 24 100
A9: P_KAFKA_DEV_DISK | B9: Pega Kafka | C9: Development: storage per instance | D9: 100 | E9: GB | F9: P1 | G9: Table 1. Development 3 2 6 8 24 100
A10: P_KAFKA_PRD_N | B10: Pega Kafka | C10: Production: instance count | D10: 3 | E10: brokers | F10: P1 | G10: Table 1. Production 3 4 12 16 48 200
A11: P_KAFKA_PRD_CPU | B11: Pega Kafka | C11: Production: CPU cores per instance | D11: 4 | E11: cores | F11: P1 | G11: Table 1. Production 3 4 12 16 48 200
A12: P_KAFKA_PRD_RAM | B12: Pega Kafka | C12: Production: memory per instance | D12: 16 | E12: GB | F12: P1 | G12: Table 1. Production 3 4 12 16 48 200
A13: P_KAFKA_PRD_DISK | B13: Pega Kafka | C13: Production: storage per instance | D13: 200 | E13: GB | F13: P1 | G13: Table 1. Production 3 4 12 16 48 200
A14: P_MSG_MAX | B14: Pega Kafka | C14: message.max.bytes required | D14: 5000000 | E14: bytes | F14: P1 | G14: message.max.bytes The default maximum message size supported is 5000000.
A15: P_REPL_FETCH | B15: Pega Kafka | C15: replica.fetch.max.bytes and replica.fetch.response.max.bytes | D15: 5000100 | E15: bytes | F15: P1 | G15: replica.fetch.max.bytes ... 5000100; replica.fetch.response.max.bytes ... 5000100
A16: P_QP_PARTS | B16: Pega Kafka | C16: Partitions per queue processor topic (default) | D16: 6 | E16: partitions | F16: P3 | G16: By default, for each queue processor, Pega Platform creates a Kafka topic with six partitions.
... A49: W_HOURS | B49: Workbook rule | C49: Hours in an average month (8,760 / 12) | D49: 730 | E49: hours | F49: W | G49: Used only to turn hourly and daily figures into monthly quantities for the provider quote.
A51: Confluent Cloud limits per eCKU or CKU, and cluster-level limits [C1][C3]
A52: Cluster type | B52: Ingress MBps | C52: Egress MBps | D52: Partitions (pre-replication) | E52: Compacted partitions | F52: Client connections | G52: Requests per second | H52: Maximum units | I52: Topic max.message.bytes maximum | J52: Partition creates/deletes per 5 minutes | K52: Notes
A53: Basic | B53: 5 | C53: 15 | D53: 30 | E53: 30 | F53: 20 | G53: 100 | H53: 50 | I53: 8388608 | J53: 250 | K53: SLA 99.5 %. Best for development, testing and basic use cases [C1].
A54: Standard | B54: 25 | C54: 75 | D54: 250 | E54: 250 | F54: 1000 | G54: 1500 | H54: 10 | I54: 8388608 | J54: 500 | K54: SLA 99.9 % (1 eCKU) or 99.99 % (2 eCKU). Production workloads that use public networking [C1].
A55: Enterprise | B55: 60 | C55: 180 | D55: 3000 | E55: 1000 | F55: 18000 | G55: 7500 | H55: 32 | I55: 20971520 | J55: 500 | K55: SLA 99.9 % (1 eCKU) or 99.99 % (2 eCKU). Production workloads that require private networking. Azure Private Link limit 32 eCKU [C1].
A56: Dedicated | B56: 60 | C56: 180 | D56: 4500 | E56: 4500 | F56: 18000 | G56: 15000 | H56: 24 | I56: 20971520 | J56: 5000 | K56: SLA 99.95 % single-zone or 99.99 % multi-zone (minimum 2 CKU). Maximum units shown is the invoice purchase limit; up to 100 CKU on Azure by request [C1].
A58: Freight clusters are not assessed: Confluent describes them for workloads that tolerate relaxed latency [C1], and Azure self-managed keys are not offered on Freight [C4].
A60: Pega search sizing tables (Tables 2, 3 and 4) [P2]
A61: Key (profile|role|group) | B61: Instances | C61: CPU per instance | D61: RAM GB per instance | E61: Storage GB per instance | F61: Pega table
A62: Minimum|Master|Prod | B62: 3 | C62: 2 | D62: 4 | E62: 0 | F62: Table 2
A63: Minimum|Data|Prod | B63: 3 | C63: 2 | D63: 8 | E63: 50 | F63: Table 2
A64: Minimum|Master|Test | B64: 0 | C64: 0 | D64: 0 | E64: 0 | F64: Table 2
A65: Minimum|Data|Test | B65: 1 | C65: 2 | D65: 8 | E65: 50 | F65: Table 2
A66: Minimum|SRS|Prod | B66: 3 | C66: 2 | D66: 2 | E66: 0 | F66: Table 2
A67: Minimum|SRS|Test | B67: 1 | C67: 2 | D67: 2 | E67: 0 | F67: Table 2
A68: Default|Master|Prod | B68: 3 | C68: 2 | D68: 8 | E68: 0 | F68: Table 3
A69: Default|Data|Prod | B69: 3 | C69: 4 | D69: 16 | E69: 100 | F69: Table 3
A70: Default|Master|Test | B70: 0 | C70: 0 | D70: 0 | E70: 0 | F70: Table 3
A71: Default|Data|Test | B71: 1 | C71: 2 | D71: 8 | E71: 100 | F71: Table 3
A72: Default|SRS|Prod | B72: 3 | C72: 2 | D72: 2 | E72: 0 | F72: Table 3
A73: Default|SRS|Test | B73: 1 | C73: 2 | D73: 2 | E73: 0 | F73: Table 3
... A79: Large|SRS|Test | B79: 1 | C79: 2 | D79: 2 | E79: 0 | F79: Table 4
A80: Group Prod = Pega's 'Production, Stage' rows; Test = 'Testing, Development' rows. SRS figures are for pods on AKS, not for the search provider. 0 means N/A in Pega's table.
A81: Pega Table 4 lists 9 data nodes at 16 GB each with a total of 136 GB; 9 x 16 is 144 GB. It also lists 9 x 250 GB = 2,250 GB of data-node disk for 2 TB of searchable data, which is less than the AWS storage formula gives with one replica. The workbook uses the per-node figures and calculates storage separately; ask Pega to confirm Table 4 if you rely on it.
A83: Maximum partitions per broker by machine type [P5]
A84: CPU cores | B84: Memory GiB | C84: Maximum partitions per broker
A85: 2 | B85: 2 | C85: 300
A86: 2 | B86: 8 | C86: 1000
A87: 4 | B87: 16 | C87: 1000
A88: 8 | B88: 32 | C88: 2000
A89: 16 | B89: 64 | C89: 4000
A90: Pega lists the last row as 16+ cores and 64+ GiB. The page is for the embedded stream service; it is used here only for the self-managed reference figures.
A92: Lists
A93: Pega landscapes | B93: Kafka cluster IDs | C93: Search service IDs | D93: Supported OpenSearch
A94: Development | B94: K1 | C94: S1 | D94: OpenSearch 1.3
A95: Testing | B95: K2 | C95: S2 | D95: OpenSearch 2.15
A96: Stage | B96: K3 | C96: S3 | D96: OpenSearch 2.19
A97: Production | B97: K4 | C97: S4 | D97: Other
B98: K5 | C98: S5
B99: K6 | C99: S6

Sheet References
A1: References
A2: Sources for every figure and rule in the workbook. Links checked 6 Oct 2026.
A4: ID | B4: Publisher | C4: Title | D4: Link | E4: Used for
A5: P1 | B5: Pegasystems | C5: External Kafka in your deployment (Pega Platform '26) | D5: https://docs.pega.com/bundle/platform/page/platform/deployment/externalization-of-services/externalize-kafka-in-your-deployment.html | E5: Kafka sizing (Table 1), 1,000-partition statement, required Kafka settings (Table 2), ACLs, authentication
A6: P2 | B6: Pegasystems | C6: External Search in your deployment (Pega Platform '26) | D6: https://docs.pega.com/bundle/platform/page/platform/deployment/externalization-of-services/externalize-search-in-your-deployment.html | E6: Search sizing (Tables 2, 3 and 4), three-node HA rule, supported OpenSearch versions, SRS settings, sharing rule
A7: P3 | B7: Pegasystems | C7: Creating a Queue Processor rule (Pega Platform '26) | D7: https://docs.pega.com/bundle/platform/page/platform/background-processing/queue-processor-create-rule.html | E7: Six partitions per queue processor topic; threads beyond the partition count do no work
A8: P4 | B8: Pegasystems | C8: Changing the default number of partitions per topic (Pega Platform '24.1) | D8: https://docs.pega.com/bundle/platform-241/page/platform/deployment/embedded-kafka-cassandra/change-default-partitions-count-stream-nodes.html | E8: Default six partitions per topic from 8.7; DSS prconfig/dsm/services/stream/pyTopicPartitionsCount/default
A9: P5 | B9: Pegasystems | C9: Monitoring an embedded stream service (Pega Platform 8.8) | D9: https://docs.pega.com/bundle/platform-88/page/platform/deployment/embedded-kafka-cassandra/monitor-stream-service.html | E9: Maximum partitions per broker by machine type; 30 % free disk and 70 % CPU action points
A10: P6 | B10: Pegasystems | C10: Completing prerequisites to update to Pega Platform '26 | D10: https://docs.pega.com/bundle/platform/page/platform/deployment/client-managed-cloud/prereq-pega-platform-26.html | E10: Kafka client library 4.0.0; system pulse topic with 6 partitions
A11: P7 | B11: Pegasystems | C11: Pega Helm chart README, charts/pega (stream section) | D11: https://github.com/pegasystems/pega-helm-charts/blob/master/charts/pega/README.md | E11: stream.streamNamePattern and replicationFactor (cannot be more than the number of brokers and 3)
A12: P8 | B12: Pegasystems | C12: Removing Hazelcast FAQ (Pega Platform '25) | D12: https://docs.pega.com/bundle/platform-25/page/platform/deployment/externalization-of-services/removing-hazelcast-faq.html | E12: Messaging use cases use the streaming functionality and the external Kafka service instead of Hazelcast
A13: C1 | B13: Confluent | C13: Kafka cluster types in Confluent Cloud | D13: https://docs.confluent.io/cloud/current/clusters/cluster-types.html | E13: Per-eCKU/CKU limits, maximum units, SLA by type, fast scaling, purchase limits, use cases
A14: C2 | B14: Confluent | C14: Billing dimensions in Confluent Cloud | D14: https://docs.confluent.io/cloud/current/billing/billing-dimensions.html | E14: Billing on eCKU/CKU-hours, ingress GB, egress GB and storage GB-hours; storage post-replication about 3x
A15: C3 | B15: Confluent | C15: Configuration reference for topics in Confluent Cloud | D15: https://docs.confluent.io/cloud/current/client-apps/topics/manage.html | E15: max.message.bytes default and maximum by type; retention.ms default; replication factor 3
... A26: W | B26: This workbook | C26: Workbook rule or customer decision | D26: - | E26: A rule the workbook applies that no vendor publishes, such as the order in which cluster types are tried or the units used for conversions. Each one is labelled W where it is used.
A28: AWS guidance (A1 to A3) is for Amazon OpenSearch Service. It is used because Pega does not publish a storage or shard formula; ask your managed OpenSearch provider for its own overhead figures and replace them on the Search Services sheet.

Sheet Change Log
A1: Change log
A2: Record every change to inputs, reference data or formulas.
A4: Version | B4: Date | C4: Change | D4: By
A5: 1.0 | B5: 6 October 2026 | C5: First issue. Kafka and OpenSearch sizing for Pega Platform '26 on Azure AKS, using Pega, Confluent, OpenSearch and AWS sources checked on 6 Oct 2026. | D5: Implementation team
